year_joined.bucket,tenure,mean_prop
"(2004,2009]",1825,0.588761646
"(2004,2009]",1826,0.437009175
"(2004,2009]",1827,0.46686316
"(2004,2009]",1828,0.550278164
"(2004,2009]",1829,0.48823104
"(2004,2009]",1830,0.562498609
"(2004,2009]",1831,0.418224573
"(2004,2009]",1832,0.423675618
"(2004,2009]",1833,0.437636132
"(2004,2009]",1834,0.471245972
"(2004,2009]",1835,0.393747033
"(2004,2009]",1836,0.320885135
"(2004,2009]",1837,0.488492014
"(2004,2009]",1838,0.532458853
"(2004,2009]",1839,0.472016369
"(2004,2009]",1840,0.338641562
"(2004,2009]",1841,0.485602163
"(2004,2009]",1842,0.498692399
"(2004,2009]",1843,0.404551834
"(2004,2009]",1844,0.435907702
"(2004,2009]",1845,0.309689933
"(2004,2009]",1846,0.486804178
"(2004,2009]",1847,0.620731476
"(2004,2009]",1848,0.3461779
"(2004,2009]",1849,0.441308777
"(2004,2009]",1850,0.515225145
"(2004,2009]",1851,0.342823028
"(2004,2009]",1852,0.560068931
"(2004,2009]",1853,0.495295275
"(2004,2009]",1854,0.461279865
"(2004,2009]",1855,0.404447947
"(2004,2009]",1856,0.413348211
"(2004,2009]",1857,0.41950119
"(2004,2009]",1858,0.443275818
"(2004,2009]",1859,0.396511084
"(2004,2009]",1860,0.480510049
"(2004,2009]",1861,0.533251525
"(2004,2009]",1862,0.521189029
"(2004,2009]",1863,0.463340562
"(2004,2009]",1864,0.55044234
"(2004,2009]",1865,0.616040779
"(2004,2009]",1866,0.428865099
"(2004,2009]",1867,0.365025482
"(2004,2009]",1868,0.55318382
"(2004,2009]",1869,0.448865105
"(2004,2009]",1870,0.566066821
"(2004,2009]",1871,0.406716963
"(2004,2009]",1872,0.607215314
"(2004,2009]",1873,0.395623852
"(2004,2009]",1874,0.365306924
"(2004,2009]",1875,0.539698813
"(2004,2009]",1876,0.410658317
"(2004,2009]",1877,0.374900099
"(2004,2009]",1878,0.491707934
"(2004,2009]",1879,0.428815795
"(2004,2009]",1880,0.492393343
"(2004,2009]",1881,0.450225051
"(2004,2009]",1882,0.506386303
"(2004,2009]",1883,0.448143929
"(2004,2009]",1884,0.548513074
"(2004,2009]",1885,0.434793044
"(2004,2009]",1886,0.264561606
"(2004,2009]",1887,0.484438635
"(2004,2009]",1888,0.541537595
"(2004,2009]",1889,0.595890411
"(2004,2009]",1890,0.556176039
"(2004,2009]",1891,0.51490914
"(2004,2009]",1892,0.490268969
"(2004,2009]",1893,0.514388674
"(2004,2009]",1894,0.503811225
"(2004,2009]",1895,0.454265261
"(2004,2009]",1896,0.424669868
"(2004,2009]",1897,0.267001907
"(2004,2009]",1898,0.407504022
"(2004,2009]",1899,0.374433519
"(2004,2009]",1900,0.558493503
"(2004,2009]",1901,0.394873206
"(2004,2009]",1902,0.383121268
"(2004,2009]",1903,0.45
"(2004,2009]",1904,0.293333333
"(2004,2009]",1905,0.436917272
"(2004,2009]",1906,0.449494268
"(2004,2009]",1907,0.348481157
"(2004,2009]",1908,0.471536975
"(2004,2009]",1909,0.250055094
"(2004,2009]",1910,0.595566186
"(2004,2009]",1911,0.403078606
"(2004,2009]",1912,0.527586913
"(2004,2009]",1913,0.502385858
"(2004,2009]",1914,0.427308097
"(2004,2009]",1915,0.473889471
"(2004,2009]",1916,0.305583127
"(2004,2009]",1917,0.533742331
"(2004,2009]",1918,0.535243642
"(2004,2009]",1919,0.431847297
"(2004,2009]",1920,0.420960462
"(2004,2009]",1921,0.393859468
"(2004,2009]",1922,0.397333466
"(2004,2009]",1923,0.426624607
"(2004,2009]",1924,0.453401766
"(2004,2009]",1925,0.572103387
"(2004,2009]",1926,0.361685032
"(2004,2009]",1927,0.483499936
"(2004,2009]",1928,0.477472014
"(2004,2009]",1929,0.201597237
"(2004,2009]",1930,0.422660983
"(2004,2009]",1931,0.51635514
"(2004,2009]",1932,0.474323581
"(2004,2009]",1933,0.489413507
"(2004,2009]",1934,0.391300238
"(2004,2009]",1935,0.427587435
"(2004,2009]",1936,0.372839249
"(2004,2009]",1937,0.404106926
"(2004,2009]",1938,0.466635928
"(2004,2009]",1939,0.349460041
"(2004,2009]",1940,0.44089128
"(2004,2009]",1941,0.437460635
"(2004,2009]",1942,0.429544601
"(2004,2009]",1943,0.463874082
"(2004,2009]",1944,0.394855581
"(2004,2009]",1945,0.6662017
"(2004,2009]",1946,0.485191562
"(2004,2009]",1947,0.483610757
"(2004,2009]",1948,0.485786846
"(2004,2009]",1949,0.523962442
"(2004,2009]",1950,0.298162741
"(2004,2009]",1951,0.395627576
"(2004,2009]",1952,0.43941736
"(2004,2009]",1953,0.572751829
"(2004,2009]",1954,0.493567373
"(2004,2009]",1955,0.295399516
"(2004,2009]",1956,0.422694308
"(2004,2009]",1957,0.533286371
"(2004,2009]",1958,0.625975367
"(2004,2009]",1959,0.611064725
"(2004,2009]",1960,0.584618751
"(2004,2009]",1961,0.450970911
"(2004,2009]",1962,0.443379945
"(2004,2009]",1963,0.478706299
"(2004,2009]",1964,0.375826404
"(2004,2009]",1965,0.480519481
"(2004,2009]",1966,0.397849462
"(2004,2009]",1967,0.469848053
"(2004,2009]",1968,0.597210392
"(2004,2009]",1969,0.508392485
"(2004,2009]",1970,0.61348948
"(2004,2009]",1971,0.602687003
"(2004,2009]",1972,0.240648154
"(2004,2009]",1973,0.532934132
"(2004,2009]",1974,0.381505743
"(2004,2009]",1975,0.331142637
"(2004,2009]",1976,0.438749639
"(2004,2009]",1977,0.481971594
"(2004,2009]",1978,0.539107723
"(2004,2009]",1979,0.457176421
"(2004,2009]",1980,0.447075728
"(2004,2009]",1981,0.386587935
"(2004,2009]",1982,0.407241379
"(2004,2009]",1983,0.518388426
"(2004,2009]",1984,0.416756959
"(2004,2009]",1985,0.577833589
"(2004,2009]",1986,0.551610957
"(2004,2009]",1987,0.457160532
"(2004,2009]",1988,0.443998076
"(2004,2009]",1989,0.393014385
"(2004,2009]",1990,0.341859739
"(2004,2009]",1991,0.492661499
"(2004,2009]",1992,0.569716938
"(2004,2009]",1993,0.436084045
"(2004,2009]",1994,0.263577701
"(2004,2009]",1996,0.525063809
"(2004,2009]",1997,0.459044123
"(2004,2009]",1998,0.378099873
"(2004,2009]",1999,0.534040086
"(2004,2009]",2000,0.500650194
"(2004,2009]",2001,0.642857143
"(2004,2009]",2003,0.477774159
"(2004,2009]",2004,0.5736956
"(2004,2009]",2005,0.574558439
"(2004,2009]",2006,0.6811858
"(2004,2009]",2007,0.445589889
"(2004,2009]",2008,0.484683152
"(2004,2009]",2009,0.475457457
"(2004,2009]",2010,0.522364476
"(2004,2009]",2011,0.529537928
"(2004,2009]",2012,0.49989009
"(2004,2009]",2013,0.439160141
"(2004,2009]",2014,0.30786052
"(2004,2009]",2015,0.4125
"(2004,2009]",2016,0.574202908
"(2004,2009]",2017,0.300043529
"(2004,2009]",2018,0.504130439
"(2004,2009]",2019,0.532960841
"(2004,2009]",2020,0.543515419
"(2004,2009]",2021,0.56097561
"(2004,2009]",2022,0.559594124
"(2004,2009]",2023,0.501233219
"(2004,2009]",2024,0.336283186
"(2004,2009]",2025,0.448502186
"(2004,2009]",2026,0.50993563
"(2004,2009]",2027,0.538588378
"(2004,2009]",2028,0.41778105
"(2004,2009]",2029,0.621050688
"(2004,2009]",2030,0.594609298
"(2004,2009]",2031,0.521166753
"(2004,2009]",2032,0.316455696
"(2004,2009]",2033,0.41723281
"(2004,2009]",2034,0.637819846
"(2004,2009]",2035,0.421955675
"(2004,2009]",2036,0.272892886
"(2004,2009]",2037,0.457765668
"(2004,2009]",2039,0.6663508
"(2004,2009]",2040,0.469354603
"(2004,2009]",2041,0.461391664
"(2004,2009]",2042,0.529167609
"(2004,2009]",2043,0.481418984
"(2004,2009]",2044,0.536585366
"(2004,2009]",2045,0.602998427
"(2004,2009]",2046,0.481556039
"(2004,2009]",2047,0.511391804
"(2004,2009]",2048,0.322258475
"(2004,2009]",2049,0.50677422
"(2004,2009]",2050,0.495128842
"(2004,2009]",2051,0.353581368
"(2004,2009]",2052,0.500972307
"(2004,2009]",2053,0.76119403
"(2004,2009]",2054,0.487813585
"(2004,2009]",2055,0.702420547
"(2004,2009]",2056,0.624257209
"(2004,2009]",2057,0.371196755
"(2004,2009]",2058,0.517702618
"(2004,2009]",2059,0.166421208
"(2004,2009]",2060,0.593899522
"(2004,2009]",2061,0.33745067
"(2004,2009]",2062,0.844155844
"(2004,2009]",2063,0.569897178
"(2004,2009]",2064,0.636232619
"(2004,2009]",2065,0.480480806
"(2004,2009]",2066,0.481882909
"(2004,2009]",2067,0.508447554
"(2004,2009]",2068,0.50698981
"(2004,2009]",2069,0.548635653
"(2004,2009]",2071,0.408395154
"(2004,2009]",2072,0.405071569
"(2004,2009]",2074,0.51566685
"(2004,2009]",2075,0.519474359
"(2004,2009]",2076,0.401403258
"(2004,2009]",2077,0.412489438
"(2004,2009]",2078,0.353528389
"(2004,2009]",2079,0.435507246
"(2004,2009]",2080,0.55107701
"(2004,2009]",2081,0.346596338
"(2004,2009]",2082,0.272727273
"(2004,2009]",2083,0.398013139
"(2004,2009]",2084,0.51444139
"(2004,2009]",2085,0.443819233
"(2004,2009]",2086,0.475609756
"(2004,2009]",2087,0.281030918
"(2004,2009]",2088,0.599285354
"(2004,2009]",2089,0.45833907
"(2004,2009]",2090,0.501049269
"(2004,2009]",2091,0.657142857
"(2004,2009]",2092,0.285643239
"(2004,2009]",2093,0.572155417
"(2004,2009]",2094,0.221321849
"(2004,2009]",2096,0.388580256
"(2004,2009]",2097,0.276705653
"(2004,2009]",2098,0.490416711
"(2004,2009]",2100,0.456730917
"(2004,2009]",2101,0.48213087
"(2004,2009]",2102,0.324503311
"(2004,2009]",2103,0.378835449
"(2004,2009]",2104,0.395652174
"(2004,2009]",2105,0.379431991
"(2004,2009]",2106,0.3657289
"(2004,2009]",2107,0.404379735
"(2004,2009]",2108,0.53848076
"(2004,2009]",2109,0.279069767
"(2004,2009]",2110,0.553544495
"(2004,2009]",2111,0.63376307
"(2004,2009]",2112,0.613688317
"(2004,2009]",2114,0.505537737
"(2004,2009]",2115,0.270833333
"(2004,2009]",2116,0.846666667
"(2004,2009]",2117,0.411985019
"(2004,2009]",2118,0.542602678
"(2004,2009]",2119,0.445097483
"(2004,2009]",2120,0.475814536
"(2004,2009]",2121,0.359756098
"(2004,2009]",2122,0.294469992
"(2004,2009]",2123,0.461758302
"(2004,2009]",2124,0.339674433
"(2004,2009]",2125,0.466666667
"(2004,2009]",2126,0.418683967
"(2004,2009]",2127,0.457452429
"(2004,2009]",2128,0.397634503
"(2004,2009]",2129,0.450753187
"(2004,2009]",2130,0.425802838
"(2004,2009]",2131,0.560241882
"(2004,2009]",2132,0.447269727
"(2004,2009]",2133,0.566574644
"(2004,2009]",2134,0.305785124
"(2004,2009]",2135,0.500079527
"(2004,2009]",2136,0.44394482
"(2004,2009]",2137,0.429365962
"(2004,2009]",2138,0.50057973
"(2004,2009]",2139,0.559226933
"(2004,2009]",2140,0.546558704
"(2004,2009]",2141,0.462195122
"(2004,2009]",2142,0.400434918
"(2004,2009]",2143,0.418439716
"(2004,2009]",2144,0.541446033
"(2004,2009]",2145,0.490124089
"(2004,2009]",2146,0.476923077
"(2004,2009]",2147,0.546875
"(2004,2009]",2148,0.531426829
"(2004,2009]",2149,0.565453409
"(2004,2009]",2150,0.420454545
"(2004,2009]",2151,0.706744868
"(2004,2009]",2152,0.580645161
"(2004,2009]",2154,0.552335223
"(2004,2009]",2155,0.258435627
"(2004,2009]",2156,0.395438841
"(2004,2009]",2157,0.667673168
"(2004,2009]",2158,0.432494279
"(2004,2009]",2159,0.507597783
"(2004,2009]",2160,0.451496115
"(2004,2009]",2161,0.73650635
"(2004,2009]",2162,0.426850508
"(2004,2009]",2163,0.462503974
"(2004,2009]",2164,0.358974359
"(2004,2009]",2165,0.34362018
"(2004,2009]",2166,0.500543065
"(2004,2009]",2167,0.867875648
"(2004,2009]",2168,0.402653345
"(2004,2009]",2169,0.484294638
"(2004,2009]",2170,0.494050348
"(2004,2009]",2171,0.265009016
"(2004,2009]",2172,0.656135531
"(2004,2009]",2173,0.529324853
"(2004,2009]",2174,0.528517489
"(2004,2009]",2175,0.451150635
"(2004,2009]",2177,0.452217628
"(2004,2009]",2178,0.56267739
"(2004,2009]",2179,0.359481378
"(2004,2009]",2180,0.223827276
"(2004,2009]",2181,0.303609655
"(2004,2009]",2182,0.46165056
"(2004,2009]",2184,0.528475059
"(2004,2009]",2185,0.466631839
"(2004,2009]",2186,0.698893073
"(2004,2009]",2187,0.440677966
"(2004,2009]",2188,0.495483427
"(2004,2009]",2189,0.175675676
"(2004,2009]",2190,0.531632233
"(2004,2009]",2191,0.274737168
"(2004,2009]",2192,0.494020806
"(2004,2009]",2193,0.299319728
"(2004,2009]",2194,0.480647845
"(2004,2009]",2195,0.328643579
"(2004,2009]",2196,0.60440367
"(2004,2009]",2197,0.596207607
"(2004,2009]",2198,0.497716786
"(2004,2009]",2199,0.36031746
"(2004,2009]",2200,0.391621837
"(2004,2009]",2202,0.456226912
"(2004,2009]",2203,0.497027172
"(2004,2009]",2204,0.43537415
"(2004,2009]",2205,0.362292372
"(2004,2009]",2206,0.397889905
"(2004,2009]",2207,0.67438161
"(2004,2009]",2208,0.486863506
"(2004,2009]",2209,0.458825325
"(2004,2009]",2210,0.720976805
"(2004,2009]",2211,0.531839624
"(2004,2009]",2213,0.432291667
"(2004,2009]",2214,0.442093111
"(2004,2009]",2215,0.511899542
"(2004,2009]",2216,0.567205882
"(2004,2009]",2217,0.417674065
"(2004,2009]",2218,0.602022094
"(2004,2009]",2219,0.317024606
"(2004,2009]",2220,0.313065327
"(2004,2009]",2221,0.51194903
"(2004,2009]",2222,0.407565594
"(2004,2009]",2223,0.51843499
"(2004,2009]",2224,0.484873502
"(2004,2009]",2225,0.41420765
"(2004,2009]",2226,0.414764761
"(2004,2009]",2227,0.40159915
"(2004,2009]",2228,0.495364583
"(2004,2009]",2229,0.486986625
"(2004,2009]",2230,0.366377566
"(2004,2009]",2231,0.464042498
"(2004,2009]",2232,0.453667954
"(2004,2009]",2233,0.431669539
"(2004,2009]",2234,0.401356429
"(2004,2009]",2235,0.553055944
"(2004,2009]",2237,0.428071492
"(2004,2009]",2238,0.643033078
"(2004,2009]",2239,0.556043956
"(2004,2009]",2240,0.639344262
"(2004,2009]",2241,0.288126579
"(2004,2009]",2242,0.487046632
"(2004,2009]",2243,0.578033441
"(2004,2009]",2244,0.355007384
"(2004,2009]",2245,0.513266998
"(2004,2009]",2246,0.565400844
"(2004,2009]",2247,0.668420081
"(2004,2009]",2248,0.5411382
"(2004,2009]",2249,0.75865757
"(2004,2009]",2251,0.573015171
"(2004,2009]",2252,0.489823474
"(2004,2009]",2254,0.532547326
"(2004,2009]",2255,0.603437194
"(2004,2009]",2256,0.721595796
"(2004,2009]",2257,0.481716622
"(2004,2009]",2258,0.668098399
"(2004,2009]",2259,0.569510993
"(2004,2009]",2260,0.496927821
"(2004,2009]",2261,0.380714462
"(2004,2009]",2262,0.530503979
"(2004,2009]",2264,0.574458733
"(2004,2009]",2265,0.402777778
"(2004,2009]",2266,0.435481019
"(2004,2009]",2267,0.511248852
"(2004,2009]",2268,0.571496354
"(2004,2009]",2269,0.518226029
"(2004,2009]",2270,0.307692308
"(2004,2009]",2271,0.49238377
"(2004,2009]",2272,0.557377049
"(2004,2009]",2273,0.471266281
"(2004,2009]",2276,0.477891906
"(2004,2009]",2277,0.692445717
"(2004,2009]",2278,0.528560745
"(2004,2009]",2279,0.465051218
"(2004,2009]",2280,0.646427558
"(2004,2009]",2281,0.251772738
"(2004,2009]",2282,0.255921409
"(2004,2009]",2283,0.339326216
"(2004,2009]",2284,0.489795918
"(2004,2009]",2285,0.384552494
"(2004,2009]",2286,0.615218594
"(2004,2009]",2287,0.458505057
"(2004,2009]",2288,0.603566372
"(2004,2009]",2289,0.42216285
"(2004,2009]",2290,0.520036836
"(2004,2009]",2291,0.497674419
"(2004,2009]",2292,0.323529412
"(2004,2009]",2293,0.421216107
"(2004,2009]",2294,0.192488263
"(2004,2009]",2295,0.448014568
"(2004,2009]",2296,0.392607221
"(2004,2009]",2297,0.267488965
"(2004,2009]",2298,0.551943066
"(2004,2009]",2300,0.560153466
"(2004,2009]",2301,0.375353923
"(2004,2009]",2302,0.781976744
"(2004,2009]",2303,0.28201135
"(2004,2009]",2304,0.359764017
"(2004,2009]",2305,0.440989497
"(2004,2009]",2306,0.46607003
"(2004,2009]",2307,0.545454545
"(2004,2009]",2308,0.45272525
"(2004,2009]",2309,0.676968864
"(2004,2009]",2310,0.425732235
"(2004,2009]",2311,0.580247279
"(2004,2009]",2312,0.463488199
"(2004,2009]",2313,0.488730114
"(2004,2009]",2314,0.523057644
"(2004,2009]",2315,0.4694782
"(2004,2009]",2316,0.725274725
"(2004,2009]",2317,0.393548387
"(2004,2009]",2318,0.309493938
"(2004,2009]",2319,0.435767955
"(2004,2009]",2321,0.557338023
"(2004,2009]",2322,0.545588235
"(2004,2009]",2323,0.296591709
"(2004,2009]",2324,0.296551724
"(2004,2009]",2325,0.50548796
"(2004,2009]",2326,0.342455079
"(2004,2009]",2327,0.405479452
"(2004,2009]",2328,0.559625467
"(2004,2009]",2329,0.429899838
"(2004,2009]",2330,0.355963806
"(2004,2009]",2331,0.323578919
"(2004,2009]",2332,0.348915989
"(2004,2009]",2333,0.479778532
"(2004,2009]",2334,0.584810127
"(2004,2009]",2335,0.361951987
"(2004,2009]",2337,0.660796326
"(2004,2009]",2338,0.477349347
"(2004,2009]",2339,0.434732501
"(2004,2009]",2340,0.357958438
"(2004,2009]",2341,0.326856525
"(2004,2009]",2342,0.326716059
"(2004,2009]",2344,0.341463415
"(2004,2009]",2345,0.684729064
"(2004,2009]",2346,0.316831683
"(2004,2009]",2348,0.383419689
"(2004,2009]",2349,0.512820513
"(2004,2009]",2350,0.546119393
"(2004,2009]",2351,0.454212454
"(2004,2009]",2352,0.561466819
"(2004,2009]",2353,0.394464364
"(2004,2009]",2355,0.562962963
"(2004,2009]",2356,0.172979351
"(2004,2009]",2360,0.801293568
"(2004,2009]",2361,0.490440918
"(2004,2009]",2362,0.277356446
"(2004,2009]",2363,0.753004005
"(2004,2009]",2366,0.491444867
"(2004,2009]",2367,0.450171821
"(2004,2009]",2368,0.525611539
"(2004,2009]",2370,0.475743349
"(2004,2009]",2371,0.485
"(2004,2009]",2372,0.746268657
"(2004,2009]",2373,0.750761539
"(2004,2009]",2374,0.363636364
"(2004,2009]",2375,0.461538462
"(2004,2009]",2376,0.616301037
"(2004,2009]",2377,0.276243094
"(2004,2009]",2379,0.09375
"(2004,2009]",2381,0.294642857
"(2004,2009]",2382,0.195402299
"(2004,2009]",2387,0.327380952
"(2004,2009]",2388,0.315384615
"(2004,2009]",2389,0.470789868
"(2004,2009]",2390,0.304063861
"(2004,2009]",2391,0.66295118
"(2004,2009]",2392,0.516908213
"(2004,2009]",2394,0.197530864
"(2004,2009]",2395,0.544217687
"(2004,2009]",2396,0.430869343
"(2004,2009]",2397,0.395671275
"(2004,2009]",2398,0.380195685
"(2004,2009]",2399,0.576135568
"(2004,2009]",2400,0.703496503
"(2004,2009]",2401,0.557377049
"(2004,2009]",2406,0.15625
"(2004,2009]",2408,0.611271676
"(2004,2009]",2409,0.529411765
"(2004,2009]",2410,0.572035941
"(2004,2009]",2411,0.43129771
"(2004,2009]",2413,0.367088608
"(2004,2009]",2416,0.303142655
"(2004,2009]",2417,0.387301892
"(2004,2009]",2418,0.531209323
"(2004,2009]",2420,0.528850049
"(2004,2009]",2425,0.533898305
"(2004,2009]",2426,0.225296443
"(2004,2009]",2427,0.463687151
"(2004,2009]",2428,0.053097345
"(2004,2009]",2430,0.627272727
"(2004,2009]",2431,0.510458669
"(2004,2009]",2432,0.414285714
"(2004,2009]",2437,0.452460366
"(2004,2009]",2438,0.378947368
"(2004,2009]",2443,0.555299539
"(2004,2009]",2449,0.576923077
"(2004,2009]",2454,0.397212544
"(2004,2009]",2459,0.478559177
"(2004,2009]",2461,0.629476807
"(2004,2009]",2469,0.536926148
"(2004,2009]",2473,0.559916055
"(2004,2009]",2478,0.3828125
"(2004,2009]",2479,0.5
"(2004,2009]",2480,0.166666667
"(2004,2009]",2483,0.487253628
"(2004,2009]",2484,0.552941176
"(2004,2009]",2485,0.216216216
"(2004,2009]",2488,0.521148036
"(2004,2009]",2489,0.296370529
"(2004,2009]",2493,0.265060241
"(2004,2009]",2506,0.241883117
"(2004,2009]",2521,0.64516129
"(2004,2009]",2530,0.270114943
"(2004,2009]",2544,0.464821223
"(2004,2009]",2550,0.498305085
"(2004,2009]",2577,0.39488117
"(2004,2009]",2591,0.29218107
"(2004,2009]",2592,0.736434109
"(2004,2009]",2594,0.527777778
"(2004,2009]",2595,0.671232877
"(2004,2009]",2626,0.487414188
"(2004,2009]",2630,0.588558856
"(2004,2009]",2641,0.49375
"(2004,2009]",2654,0.374077977
"(2004,2009]",2697,0.671532847
"(2004,2009]",2712,0.233463035
"(2004,2009]",2716,0.659949622
"(2004,2009]",2788,0.57591623
"(2004,2009]",2822,0.026711185
"(2004,2009]",2888,0.425581395
"(2004,2009]",2926,0.458333333
"(2004,2009]",2958,0.437086093
"(2004,2009]",3019,0.65129683
"(2004,2009]",3101,0.426975945
"(2004,2009]",3128,0.20867325
"(2004,2009]",3129,0.391666667
"(2004,2009]",3139,0.193599861
"(2009,2011]",1095,0.446229753
"(2009,2011]",1096,0.497030915
"(2009,2011]",1097,0.543739125
"(2009,2011]",1098,0.650498499
"(2009,2011]",1099,0.576383036
"(2009,2011]",1100,0.528584232
"(2009,2011]",1101,0.505917528
"(2009,2011]",1102,0.530132953
"(2009,2011]",1103,0.539370386
"(2009,2011]",1104,0.493900382
"(2009,2011]",1105,0.515076438
"(2009,2011]",1106,0.571217312
"(2009,2011]",1107,0.467435682
"(2009,2011]",1108,0.42072058
"(2009,2011]",1109,0.51246337
"(2009,2011]",1110,0.541951735
"(2009,2011]",1111,0.520386308
"(2009,2011]",1112,0.552992485
"(2009,2011]",1113,0.569846067
"(2009,2011]",1114,0.454873206
"(2009,2011]",1115,0.491486227
"(2009,2011]",1116,0.642692079
"(2009,2011]",1117,0.41985231
"(2009,2011]",1118,0.559009582
"(2009,2011]",1119,0.490233378
"(2009,2011]",1120,0.59176594
"(2009,2011]",1121,0.548492064
"(2009,2011]",1122,0.603453707
"(2009,2011]",1123,0.559807713
"(2009,2011]",1124,0.588677686
"(2009,2011]",1125,0.490346703
"(2009,2011]",1126,0.518935724
"(2009,2011]",1127,0.548798473
"(2009,2011]",1128,0.497039835
"(2009,2011]",1129,0.549754557
"(2009,2011]",1130,0.544989213
"(2009,2011]",1131,0.48818297
"(2009,2011]",1132,0.565034972
"(2009,2011]",1133,0.535328849
"(2009,2011]",1134,0.559380643
"(2009,2011]",1135,0.46658386
"(2009,2011]",1136,0.571109312
"(2009,2011]",1137,0.427425233
"(2009,2011]",1138,0.501323391
"(2009,2011]",1139,0.473673929
"(2009,2011]",1140,0.572617479
"(2009,2011]",1141,0.556527292
"(2009,2011]",1142,0.573664404
"(2009,2011]",1143,0.549730563
"(2009,2011]",1144,0.477718166
"(2009,2011]",1145,0.529443498
"(2009,2011]",1146,0.641350474
"(2009,2011]",1147,0.515365213
"(2009,2011]",1148,0.405759019
"(2009,2011]",1149,0.548433694
"(2009,2011]",1150,0.451749668
"(2009,2011]",1151,0.523206722
"(2009,2011]",1152,0.557316045
"(2009,2011]",1153,0.463534187
"(2009,2011]",1154,0.570645753
"(2009,2011]",1155,0.443714844
"(2009,2011]",1156,0.535184223
"(2009,2011]",1157,0.491863848
"(2009,2011]",1158,0.492105329
"(2009,2011]",1159,0.508860496
"(2009,2011]",1160,0.401189187
"(2009,2011]",1161,0.469247442
"(2009,2011]",1162,0.59411666
"(2009,2011]",1163,0.522911242
"(2009,2011]",1164,0.418152552
"(2009,2011]",1165,0.478233719
"(2009,2011]",1166,0.501456859
"(2009,2011]",1167,0.460642281
"(2009,2011]",1168,0.481262578
"(2009,2011]",1169,0.510716754
"(2009,2011]",1170,0.580812693
"(2009,2011]",1171,0.464508333
"(2009,2011]",1172,0.505096887
"(2009,2011]",1173,0.567167969
"(2009,2011]",1174,0.550611404
"(2009,2011]",1175,0.494271023
"(2009,2011]",1176,0.625564838
"(2009,2011]",1177,0.529864283
"(2009,2011]",1178,0.423629622
"(2009,2011]",1179,0.518392163
"(2009,2011]",1180,0.40234573
"(2009,2011]",1181,0.52971979
"(2009,2011]",1182,0.455798392
"(2009,2011]",1183,0.515875358
"(2009,2011]",1184,0.484496767
"(2009,2011]",1185,0.550859043
"(2009,2011]",1186,0.467453535
"(2009,2011]",1187,0.438783873
"(2009,2011]",1188,0.543690813
"(2009,2011]",1189,0.582963532
"(2009,2011]",1190,0.419172747
"(2009,2011]",1191,0.511618623
"(2009,2011]",1192,0.537412743
"(2009,2011]",1193,0.460164939
"(2009,2011]",1194,0.461532478
"(2009,2011]",1195,0.496866125
"(2009,2011]",1196,0.463486572
"(2009,2011]",1197,0.555466931
"(2009,2011]",1198,0.574661098
"(2009,2011]",1199,0.61965914
"(2009,2011]",1200,0.461622316
"(2009,2011]",1201,0.475831786
"(2009,2011]",1202,0.470342036
"(2009,2011]",1203,0.460844902
"(2009,2011]",1204,0.414829677
"(2009,2011]",1205,0.546352881
"(2009,2011]",1206,0.441781231
"(2009,2011]",1207,0.450693021
"(2009,2011]",1208,0.509082222
"(2009,2011]",1209,0.457735931
"(2009,2011]",1210,0.482466253
"(2009,2011]",1211,0.5536149
"(2009,2011]",1212,0.51394588
"(2009,2011]",1213,0.540443142
"(2009,2011]",1214,0.565219165
"(2009,2011]",1215,0.314128603
"(2009,2011]",1216,0.488771661
"(2009,2011]",1217,0.469298942
"(2009,2011]",1218,0.415154784
"(2009,2011]",1219,0.451105595
"(2009,2011]",1220,0.459372543
"(2009,2011]",1221,0.497350196
"(2009,2011]",1222,0.558981829
"(2009,2011]",1223,0.571017803
"(2009,2011]",1224,0.492338766
"(2009,2011]",1225,0.484392473
"(2009,2011]",1226,0.506223616
"(2009,2011]",1227,0.452256735
"(2009,2011]",1228,0.498554184
"(2009,2011]",1229,0.435130959
"(2009,2011]",1230,0.504120927
"(2009,2011]",1231,0.498773954
"(2009,2011]",1232,0.369508553
"(2009,2011]",1233,0.523548174
"(2009,2011]",1234,0.55793605
"(2009,2011]",1235,0.545780069
"(2009,2011]",1236,0.459230978
"(2009,2011]",1237,0.517618402
"(2009,2011]",1238,0.451949692
"(2009,2011]",1239,0.478911278
"(2009,2011]",1240,0.493642595
"(2009,2011]",1241,0.504537816
"(2009,2011]",1242,0.4658215
"(2009,2011]",1243,0.549855771
"(2009,2011]",1244,0.502399751
"(2009,2011]",1245,0.516356699
"(2009,2011]",1246,0.616356574
"(2009,2011]",1247,0.52208414
"(2009,2011]",1248,0.520239196
"(2009,2011]",1249,0.503290982
"(2009,2011]",1250,0.500020095
"(2009,2011]",1251,0.592462741
"(2009,2011]",1252,0.43512225
"(2009,2011]",1253,0.593898951
"(2009,2011]",1254,0.531193572
"(2009,2011]",1255,0.503474651
"(2009,2011]",1256,0.542046097
"(2009,2011]",1257,0.436631345
"(2009,2011]",1258,0.469329272
"(2009,2011]",1259,0.479119989
"(2009,2011]",1260,0.506118589
"(2009,2011]",1261,0.483430999
"(2009,2011]",1262,0.537967392
"(2009,2011]",1263,0.548680321
"(2009,2011]",1264,0.479804803
"(2009,2011]",1265,0.568556253
"(2009,2011]",1266,0.532099112
"(2009,2011]",1267,0.538983313
"(2009,2011]",1268,0.513695056
"(2009,2011]",1269,0.497737402
"(2009,2011]",1270,0.500089089
"(2009,2011]",1271,0.472822707
"(2009,2011]",1272,0.428499333
"(2009,2011]",1273,0.471133796
"(2009,2011]",1274,0.4750186
"(2009,2011]",1275,0.511971581
"(2009,2011]",1276,0.402211416
"(2009,2011]",1277,0.538014231
"(2009,2011]",1278,0.549796912
"(2009,2011]",1279,0.576620497
"(2009,2011]",1280,0.471059072
"(2009,2011]",1281,0.474880517
"(2009,2011]",1282,0.507593569
"(2009,2011]",1283,0.504422335
"(2009,2011]",1284,0.541413134
"(2009,2011]",1285,0.461459611
"(2009,2011]",1286,0.495147649
"(2009,2011]",1287,0.474980381
"(2009,2011]",1288,0.551379084
"(2009,2011]",1289,0.621434008
"(2009,2011]",1290,0.479807454
"(2009,2011]",1291,0.346623137
"(2009,2011]",1292,0.515473597
"(2009,2011]",1293,0.532161577
"(2009,2011]",1294,0.443732621
"(2009,2011]",1295,0.577606904
"(2009,2011]",1296,0.534509918
"(2009,2011]",1297,0.465738871
"(2009,2011]",1298,0.478660862
"(2009,2011]",1299,0.45939313
"(2009,2011]",1300,0.468237562
"(2009,2011]",1301,0.367453917
"(2009,2011]",1302,0.493238849
"(2009,2011]",1303,0.658971035
"(2009,2011]",1304,0.552537988
"(2009,2011]",1305,0.544158702
"(2009,2011]",1306,0.45757615
"(2009,2011]",1307,0.508606781
"(2009,2011]",1308,0.450394985
"(2009,2011]",1309,0.487219098
"(2009,2011]",1310,0.484407124
"(2009,2011]",1311,0.524860549
"(2009,2011]",1312,0.382240653
"(2009,2011]",1313,0.484333763
"(2009,2011]",1314,0.480093813
"(2009,2011]",1315,0.477018212
"(2009,2011]",1316,0.48467833
"(2009,2011]",1317,0.454138431
"(2009,2011]",1318,0.420920331
"(2009,2011]",1319,0.501511683
"(2009,2011]",1320,0.520733682
"(2009,2011]",1321,0.532411679
"(2009,2011]",1322,0.45129093
"(2009,2011]",1323,0.573728144
"(2009,2011]",1324,0.35320826
"(2009,2011]",1325,0.46741045
"(2009,2011]",1326,0.433011871
"(2009,2011]",1327,0.461330312
"(2009,2011]",1328,0.391132082
"(2009,2011]",1329,0.463808242
"(2009,2011]",1330,0.450196077
"(2009,2011]",1331,0.447302295
"(2009,2011]",1332,0.464723565
"(2009,2011]",1333,0.490716969
"(2009,2011]",1334,0.448005279
"(2009,2011]",1335,0.445867004
"(2009,2011]",1336,0.532476736
"(2009,2011]",1337,0.433928416
"(2009,2011]",1338,0.50174462
"(2009,2011]",1339,0.472784781
"(2009,2011]",1340,0.493041641
"(2009,2011]",1341,0.560887591
"(2009,2011]",1342,0.434503326
"(2009,2011]",1343,0.550656609
"(2009,2011]",1344,0.422617114
"(2009,2011]",1345,0.402556231
"(2009,2011]",1346,0.496174595
"(2009,2011]",1347,0.520052186
"(2009,2011]",1348,0.378960417
"(2009,2011]",1349,0.489465777
"(2009,2011]",1350,0.484665436
"(2009,2011]",1351,0.495728164
"(2009,2011]",1352,0.458256554
"(2009,2011]",1353,0.443987779
"(2009,2011]",1354,0.473718797
"(2009,2011]",1355,0.495062074
"(2009,2011]",1356,0.503628732
"(2009,2011]",1357,0.430471639
"(2009,2011]",1358,0.48075612
"(2009,2011]",1359,0.452041903
"(2009,2011]",1360,0.570265055
"(2009,2011]",1361,0.40253193
"(2009,2011]",1362,0.524245838
"(2009,2011]",1363,0.525638805
"(2009,2011]",1364,0.462318864
"(2009,2011]",1365,0.452708209
"(2009,2011]",1366,0.523000711
"(2009,2011]",1367,0.582212713
"(2009,2011]",1368,0.488340881
"(2009,2011]",1369,0.432572366
"(2009,2011]",1370,0.493200862
"(2009,2011]",1371,0.455429299
"(2009,2011]",1372,0.520400619
"(2009,2011]",1373,0.401386333
"(2009,2011]",1374,0.55851103
"(2009,2011]",1375,0.542328414
"(2009,2011]",1376,0.57307074
"(2009,2011]",1377,0.462345384
"(2009,2011]",1378,0.47829089
"(2009,2011]",1379,0.523443481
"(2009,2011]",1380,0.495059058
"(2009,2011]",1381,0.43580478
"(2009,2011]",1382,0.502752286
"(2009,2011]",1383,0.451899211
"(2009,2011]",1384,0.51005411
"(2009,2011]",1385,0.508402631
"(2009,2011]",1386,0.557956805
"(2009,2011]",1387,0.472851536
"(2009,2011]",1388,0.495298036
"(2009,2011]",1389,0.541937615
"(2009,2011]",1390,0.401388663
"(2009,2011]",1391,0.423624939
"(2009,2011]",1392,0.507188015
"(2009,2011]",1393,0.545738288
"(2009,2011]",1394,0.47875266
"(2009,2011]",1395,0.572203706
"(2009,2011]",1396,0.513434184
"(2009,2011]",1397,0.515982473
"(2009,2011]",1398,0.491657588
"(2009,2011]",1399,0.482523341
"(2009,2011]",1400,0.444394721
"(2009,2011]",1401,0.445854146
"(2009,2011]",1402,0.469542327
"(2009,2011]",1403,0.441063775
"(2009,2011]",1404,0.585238085
"(2009,2011]",1405,0.528212734
"(2009,2011]",1406,0.522678601
"(2009,2011]",1407,0.477555161
"(2009,2011]",1408,0.483750107
"(2009,2011]",1409,0.506897715
"(2009,2011]",1410,0.520347003
"(2009,2011]",1411,0.493277539
"(2009,2011]",1412,0.422083764
"(2009,2011]",1413,0.373409111
"(2009,2011]",1414,0.472703805
"(2009,2011]",1415,0.474195839
"(2009,2011]",1416,0.574082858
"(2009,2011]",1417,0.552007087
"(2009,2011]",1418,0.449394051
"(2009,2011]",1419,0.448511398
"(2009,2011]",1420,0.45581425
"(2009,2011]",1421,0.422079126
"(2009,2011]",1422,0.419703464
"(2009,2011]",1423,0.458075106
"(2009,2011]",1424,0.561969246
"(2009,2011]",1425,0.474625924
"(2009,2011]",1426,0.378475241
"(2009,2011]",1427,0.415347359
"(2009,2011]",1428,0.471028026
"(2009,2011]",1429,0.45961182
"(2009,2011]",1430,0.417781442
"(2009,2011]",1431,0.572958868
"(2009,2011]",1432,0.505885164
"(2009,2011]",1433,0.457227201
"(2009,2011]",1434,0.451847288
"(2009,2011]",1435,0.47232035
"(2009,2011]",1436,0.531894736
"(2009,2011]",1437,0.525969659
"(2009,2011]",1438,0.518682365
"(2009,2011]",1439,0.486266323
"(2009,2011]",1440,0.441607236
"(2009,2011]",1441,0.531564494
"(2009,2011]",1442,0.536270611
"(2009,2011]",1443,0.526775966
"(2009,2011]",1444,0.428441125
"(2009,2011]",1445,0.465973563
"(2009,2011]",1446,0.514754993
"(2009,2011]",1447,0.437882917
"(2009,2011]",1448,0.486906564
"(2009,2011]",1449,0.506833016
"(2009,2011]",1450,0.466347241
"(2009,2011]",1451,0.565310415
"(2009,2011]",1452,0.400573344
"(2009,2011]",1453,0.557224184
"(2009,2011]",1454,0.431769654
"(2009,2011]",1455,0.480302289
"(2009,2011]",1456,0.4074805
"(2009,2011]",1457,0.411255273
"(2009,2011]",1458,0.458962785
"(2009,2011]",1459,0.475102145
"(2009,2011]",1460,0.497505824
"(2009,2011]",1461,0.453861245
"(2009,2011]",1462,0.523151361
"(2009,2011]",1463,0.440790882
"(2009,2011]",1464,0.524106237
"(2009,2011]",1465,0.50010219
"(2009,2011]",1466,0.477084455
"(2009,2011]",1467,0.442253912
"(2009,2011]",1468,0.452215498
"(2009,2011]",1469,0.447946719
"(2009,2011]",1470,0.548130395
"(2009,2011]",1471,0.426619415
"(2009,2011]",1472,0.457947752
"(2009,2011]",1473,0.430894572
"(2009,2011]",1474,0.471575266
"(2009,2011]",1475,0.494960359
"(2009,2011]",1476,0.462114123
"(2009,2011]",1477,0.407979781
"(2009,2011]",1478,0.414147649
"(2009,2011]",1479,0.463400287
"(2009,2011]",1480,0.46318249
"(2009,2011]",1481,0.434590969
"(2009,2011]",1482,0.398562163
"(2009,2011]",1483,0.44328501
"(2009,2011]",1484,0.495080275
"(2009,2011]",1485,0.505699544
"(2009,2011]",1486,0.498564044
"(2009,2011]",1487,0.474939885
"(2009,2011]",1488,0.498294612
"(2009,2011]",1489,0.388055992
"(2009,2011]",1490,0.519486322
"(2009,2011]",1491,0.455342199
"(2009,2011]",1492,0.473026229
"(2009,2011]",1493,0.506208957
"(2009,2011]",1494,0.432806056
"(2009,2011]",1495,0.515235179
"(2009,2011]",1496,0.468715121
"(2009,2011]",1497,0.475019777
"(2009,2011]",1498,0.485410079
"(2009,2011]",1499,0.480270462
"(2009,2011]",1500,0.379639438
"(2009,2011]",1501,0.599209989
"(2009,2011]",1502,0.481100161
"(2009,2011]",1503,0.448312768
"(2009,2011]",1504,0.444665914
"(2009,2011]",1505,0.44039484
"(2009,2011]",1506,0.524015346
"(2009,2011]",1507,0.480191517
"(2009,2011]",1508,0.469955707
"(2009,2011]",1509,0.44326403
"(2009,2011]",1510,0.514172259
"(2009,2011]",1511,0.45598749
"(2009,2011]",1512,0.515427797
"(2009,2011]",1513,0.535564332
"(2009,2011]",1514,0.412526208
"(2009,2011]",1515,0.450843357
"(2009,2011]",1516,0.518369302
"(2009,2011]",1517,0.547092216
"(2009,2011]",1518,0.478683733
"(2009,2011]",1519,0.478425175
"(2009,2011]",1520,0.438102493
"(2009,2011]",1521,0.456593515
"(2009,2011]",1522,0.533333942
"(2009,2011]",1523,0.454471372
"(2009,2011]",1524,0.501185963
"(2009,2011]",1525,0.479598764
"(2009,2011]",1526,0.501400775
"(2009,2011]",1527,0.482600637
"(2009,2011]",1528,0.447526963
"(2009,2011]",1529,0.442142306
"(2009,2011]",1530,0.408990239
"(2009,2011]",1531,0.506336712
"(2009,2011]",1532,0.425969554
"(2009,2011]",1533,0.499485667
"(2009,2011]",1534,0.472755241
"(2009,2011]",1535,0.503734341
"(2009,2011]",1536,0.49524851
"(2009,2011]",1537,0.395155439
"(2009,2011]",1538,0.439174621
"(2009,2011]",1539,0.517692768
"(2009,2011]",1540,0.5042349
"(2009,2011]",1541,0.510336416
"(2009,2011]",1542,0.583605924
"(2009,2011]",1543,0.452634882
"(2009,2011]",1544,0.552158517
"(2009,2011]",1545,0.362134191
"(2009,2011]",1546,0.442879727
"(2009,2011]",1547,0.448312263
"(2009,2011]",1548,0.461261598
"(2009,2011]",1549,0.458990822
"(2009,2011]",1550,0.439085403
"(2009,2011]",1551,0.472876301
"(2009,2011]",1552,0.464472744
"(2009,2011]",1553,0.566399898
"(2009,2011]",1554,0.454112265
"(2009,2011]",1555,0.489195377
"(2009,2011]",1556,0.512795559
"(2009,2011]",1557,0.432423473
"(2009,2011]",1558,0.478557852
"(2009,2011]",1559,0.456717429
"(2009,2011]",1560,0.462360219
"(2009,2011]",1561,0.450150717
"(2009,2011]",1562,0.466228949
"(2009,2011]",1563,0.384129184
"(2009,2011]",1564,0.507509711
"(2009,2011]",1565,0.415820236
"(2009,2011]",1566,0.479754715
"(2009,2011]",1567,0.473783639
"(2009,2011]",1568,0.451357992
"(2009,2011]",1569,0.457192879
"(2009,2011]",1570,0.375988848
"(2009,2011]",1571,0.383546805
"(2009,2011]",1572,0.48423578
"(2009,2011]",1573,0.518385252
"(2009,2011]",1574,0.425729222
"(2009,2011]",1575,0.421278885
"(2009,2011]",1576,0.497191522
"(2009,2011]",1577,0.424125014
"(2009,2011]",1578,0.494582902
"(2009,2011]",1579,0.450929667
"(2009,2011]",1580,0.444249136
"(2009,2011]",1581,0.424325264
"(2009,2011]",1582,0.406945648
"(2009,2011]",1583,0.549381603
"(2009,2011]",1584,0.586341283
"(2009,2011]",1585,0.432810748
"(2009,2011]",1586,0.447001335
"(2009,2011]",1587,0.475275381
"(2009,2011]",1588,0.518591108
"(2009,2011]",1589,0.46916626
"(2009,2011]",1590,0.507355023
"(2009,2011]",1591,0.480788088
"(2009,2011]",1592,0.492554574
"(2009,2011]",1593,0.490904992
"(2009,2011]",1594,0.488694937
"(2009,2011]",1595,0.493691411
"(2009,2011]",1596,0.504125723
"(2009,2011]",1597,0.420886528
"(2009,2011]",1598,0.518170599
"(2009,2011]",1599,0.474025782
"(2009,2011]",1600,0.478398478
"(2009,2011]",1601,0.469293845
"(2009,2011]",1602,0.374763002
"(2009,2011]",1603,0.41716931
"(2009,2011]",1604,0.482196814
"(2009,2011]",1605,0.429475378
"(2009,2011]",1606,0.404544269
"(2009,2011]",1607,0.411065874
"(2009,2011]",1608,0.481485541
"(2009,2011]",1609,0.402924792
"(2009,2011]",1610,0.522566174
"(2009,2011]",1611,0.493540643
"(2009,2011]",1612,0.544924025
"(2009,2011]",1613,0.521391953
"(2009,2011]",1614,0.496003449
"(2009,2011]",1615,0.550985911
"(2009,2011]",1616,0.37612831
"(2009,2011]",1617,0.41073477
"(2009,2011]",1618,0.489055182
"(2009,2011]",1619,0.476384565
"(2009,2011]",1620,0.452456066
"(2009,2011]",1621,0.517294331
"(2009,2011]",1622,0.478713421
"(2009,2011]",1623,0.459449492
"(2009,2011]",1624,0.511434416
"(2009,2011]",1625,0.479823896
"(2009,2011]",1626,0.452158029
"(2009,2011]",1627,0.465759657
"(2009,2011]",1628,0.520118527
"(2009,2011]",1629,0.36438935
"(2009,2011]",1630,0.436206272
"(2009,2011]",1631,0.512205882
"(2009,2011]",1632,0.349041067
"(2009,2011]",1633,0.468649025
"(2009,2011]",1634,0.398056594
"(2009,2011]",1635,0.413061106
"(2009,2011]",1636,0.479487237
"(2009,2011]",1637,0.499520742
"(2009,2011]",1638,0.493098701
"(2009,2011]",1639,0.364531462
"(2009,2011]",1640,0.392370655
"(2009,2011]",1641,0.491901572
"(2009,2011]",1642,0.443370238
"(2009,2011]",1643,0.476519347
"(2009,2011]",1644,0.508107855
"(2009,2011]",1645,0.537268729
"(2009,2011]",1646,0.447227278
"(2009,2011]",1647,0.501049526
"(2009,2011]",1648,0.462926832
"(2009,2011]",1649,0.47023772
"(2009,2011]",1650,0.491950009
"(2009,2011]",1651,0.439204069
"(2009,2011]",1652,0.479413052
"(2009,2011]",1653,0.505834802
"(2009,2011]",1654,0.522278104
"(2009,2011]",1655,0.506023854
"(2009,2011]",1656,0.517260607
"(2009,2011]",1657,0.462253367
"(2009,2011]",1658,0.439245968
"(2009,2011]",1659,0.494024749
"(2009,2011]",1660,0.400182105
"(2009,2011]",1661,0.504348445
"(2009,2011]",1662,0.43318791
"(2009,2011]",1663,0.393473553
"(2009,2011]",1664,0.451886224
"(2009,2011]",1665,0.508087509
"(2009,2011]",1666,0.408384155
"(2009,2011]",1667,0.397425009
"(2009,2011]",1668,0.303433975
"(2009,2011]",1669,0.509595048
"(2009,2011]",1670,0.441719324
"(2009,2011]",1671,0.376398029
"(2009,2011]",1672,0.503284348
"(2009,2011]",1673,0.516693557
"(2009,2011]",1674,0.425376965
"(2009,2011]",1675,0.476770497
"(2009,2011]",1676,0.463900929
"(2009,2011]",1677,0.441025967
"(2009,2011]",1678,0.328959066
"(2009,2011]",1679,0.496758088
"(2009,2011]",1680,0.412130994
"(2009,2011]",1681,0.474183485
"(2009,2011]",1682,0.28913881
"(2009,2011]",1683,0.477313747
"(2009,2011]",1684,0.382280978
"(2009,2011]",1685,0.475967634
"(2009,2011]",1686,0.490406335
"(2009,2011]",1687,0.459163254
"(2009,2011]",1688,0.455880088
"(2009,2011]",1689,0.409195398
"(2009,2011]",1690,0.411860719
"(2009,2011]",1691,0.407453056
"(2009,2011]",1692,0.471129258
"(2009,2011]",1693,0.443525729
"(2009,2011]",1694,0.468842084
"(2009,2011]",1695,0.503773026
"(2009,2011]",1696,0.494275983
"(2009,2011]",1697,0.362674593
"(2009,2011]",1698,0.4731442
"(2009,2011]",1699,0.501277942
"(2009,2011]",1700,0.48925468
"(2009,2011]",1701,0.514908465
"(2009,2011]",1702,0.39784972
"(2009,2011]",1703,0.439665879
"(2009,2011]",1704,0.465467078
"(2009,2011]",1705,0.455331738
"(2009,2011]",1706,0.501296015
"(2009,2011]",1707,0.479856997
"(2009,2011]",1708,0.588560389
"(2009,2011]",1709,0.496092772
"(2009,2011]",1710,0.390779801
"(2009,2011]",1711,0.497495253
"(2009,2011]",1712,0.44978912
"(2009,2011]",1713,0.455740367
"(2009,2011]",1714,0.466802095
"(2009,2011]",1715,0.534334115
"(2009,2011]",1716,0.363260616
"(2009,2011]",1717,0.499982529
"(2009,2011]",1718,0.434314071
"(2009,2011]",1719,0.556585004
"(2009,2011]",1720,0.489833429
"(2009,2011]",1721,0.447926747
"(2009,2011]",1722,0.473628361
"(2009,2011]",1723,0.465423033
"(2009,2011]",1724,0.593472345
"(2009,2011]",1725,0.465286525
"(2009,2011]",1726,0.421435603
"(2009,2011]",1727,0.535189269
"(2009,2011]",1728,0.46835434
"(2009,2011]",1729,0.497162072
"(2009,2011]",1730,0.405165031
"(2009,2011]",1731,0.523266128
"(2009,2011]",1732,0.394587182
"(2009,2011]",1733,0.411014861
"(2009,2011]",1734,0.402373117
"(2009,2011]",1735,0.472452281
"(2009,2011]",1736,0.349925144
"(2009,2011]",1737,0.500458001
"(2009,2011]",1738,0.546979997
"(2009,2011]",1739,0.468052712
"(2009,2011]",1740,0.541572774
"(2009,2011]",1741,0.465117924
"(2009,2011]",1742,0.556543412
"(2009,2011]",1743,0.483633353
"(2009,2011]",1744,0.47460884
"(2009,2011]",1745,0.431641039
"(2009,2011]",1746,0.386580761
"(2009,2011]",1747,0.536152579
"(2009,2011]",1748,0.409769259
"(2009,2011]",1749,0.427811474
"(2009,2011]",1750,0.438277489
"(2009,2011]",1751,0.417313106
"(2009,2011]",1752,0.478408836
"(2009,2011]",1753,0.459671318
"(2009,2011]",1754,0.508882269
"(2009,2011]",1755,0.53133006
"(2009,2011]",1756,0.52587903
"(2009,2011]",1757,0.465701201
"(2009,2011]",1758,0.433819502
"(2009,2011]",1759,0.392000495
"(2009,2011]",1760,0.331770937
"(2009,2011]",1761,0.518217763
"(2009,2011]",1762,0.443095726
"(2009,2011]",1763,0.433667615
"(2009,2011]",1764,0.4839795
"(2009,2011]",1765,0.539171466
"(2009,2011]",1766,0.484620809
"(2009,2011]",1767,0.491647233
"(2009,2011]",1768,0.455617906
"(2009,2011]",1769,0.481850995
"(2009,2011]",1770,0.48637736
"(2009,2011]",1771,0.42326314
"(2009,2011]",1772,0.32356794
"(2009,2011]",1773,0.466138254
"(2009,2011]",1774,0.610582128
"(2009,2011]",1775,0.500486864
"(2009,2011]",1776,0.469295175
"(2009,2011]",1777,0.517739179
"(2009,2011]",1778,0.432831296
"(2009,2011]",1779,0.574499377
"(2009,2011]",1780,0.479681231
"(2009,2011]",1781,0.306013364
"(2009,2011]",1782,0.493772543
"(2009,2011]",1783,0.530272037
"(2009,2011]",1784,0.495960959
"(2009,2011]",1785,0.474868842
"(2009,2011]",1786,0.4093845
"(2009,2011]",1787,0.60969269
"(2009,2011]",1788,0.429969026
"(2009,2011]",1789,0.506526774
"(2009,2011]",1790,0.438919751
"(2009,2011]",1791,0.56279576
"(2009,2011]",1792,0.486136794
"(2009,2011]",1793,0.390301179
"(2009,2011]",1794,0.432242646
"(2009,2011]",1795,0.384694449
"(2009,2011]",1796,0.486412236
"(2009,2011]",1797,0.45532445
"(2009,2011]",1798,0.500681005
"(2009,2011]",1799,0.563665678
"(2009,2011]",1800,0.492601409
"(2009,2011]",1801,0.420082426
"(2009,2011]",1802,0.409482911
"(2009,2011]",1803,0.501888521
"(2009,2011]",1804,0.554420646
"(2009,2011]",1805,0.539406657
"(2009,2011]",1806,0.497274941
"(2009,2011]",1807,0.456572138
"(2009,2011]",1808,0.372917719
"(2009,2011]",1809,0.528984971
"(2009,2011]",1810,0.441707062
"(2009,2011]",1811,0.422260188
"(2009,2011]",1812,0.373088223
"(2009,2011]",1813,0.458657169
"(2009,2011]",1814,0.364278626
"(2009,2011]",1815,0.474667218
"(2009,2011]",1816,0.470497874
"(2009,2011]",1817,0.48635817
"(2009,2011]",1818,0.524560719
"(2009,2011]",1819,0.495372028
"(2009,2011]",1820,0.381315948
"(2009,2011]",1821,0.329907049
"(2009,2011]",1822,0.48440304
"(2009,2011]",1823,0.303589365
"(2009,2011]",1824,0.645551627
"(2011,2012]",730,0.601178018
"(2011,2012]",731,0.540800775
"(2011,2012]",732,0.584180879
"(2011,2012]",733,0.583807894
"(2011,2012]",734,0.561736149
"(2011,2012]",735,0.538168635
"(2011,2012]",736,0.553924101
"(2011,2012]",737,0.534237958
"(2011,2012]",738,0.600935389
"(2011,2012]",739,0.586974139
"(2011,2012]",740,0.521114286
"(2011,2012]",741,0.570342023
"(2011,2012]",742,0.592456607
"(2011,2012]",743,0.484598058
"(2011,2012]",744,0.601676845
"(2011,2012]",745,0.586338818
"(2011,2012]",746,0.577089196
"(2011,2012]",747,0.597455602
"(2011,2012]",748,0.637872812
"(2011,2012]",749,0.584011899
"(2011,2012]",750,0.588006498
"(2011,2012]",751,0.612734217
"(2011,2012]",752,0.470330777
"(2011,2012]",753,0.561858803
"(2011,2012]",754,0.571067356
"(2011,2012]",755,0.608071138
"(2011,2012]",756,0.558755624
"(2011,2012]",757,0.570120683
"(2011,2012]",758,0.511890404
"(2011,2012]",759,0.575965729
"(2011,2012]",760,0.555281431
"(2011,2012]",761,0.555973632
"(2011,2012]",762,0.561438842
"(2011,2012]",763,0.563397336
"(2011,2012]",764,0.5673075
"(2011,2012]",765,0.595407356
"(2011,2012]",766,0.570166292
"(2011,2012]",767,0.55176641
"(2011,2012]",768,0.572930115
"(2011,2012]",769,0.575177958
"(2011,2012]",770,0.613022317
"(2011,2012]",771,0.448988538
"(2011,2012]",772,0.532257395
"(2011,2012]",773,0.547202617
"(2011,2012]",774,0.579476201
"(2011,2012]",775,0.524120923
"(2011,2012]",776,0.541258101
"(2011,2012]",777,0.606260384
"(2011,2012]",778,0.555837725
"(2011,2012]",779,0.576697406
"(2011,2012]",780,0.540604726
"(2011,2012]",781,0.578540654
"(2011,2012]",782,0.509543358
"(2011,2012]",783,0.582771787
"(2011,2012]",784,0.590595158
"(2011,2012]",785,0.517891436
"(2011,2012]",786,0.528954111
"(2011,2012]",787,0.482707066
"(2011,2012]",788,0.503659982
"(2011,2012]",789,0.557521476
"(2011,2012]",790,0.536611116
"(2011,2012]",791,0.612548853
"(2011,2012]",792,0.620553064
"(2011,2012]",793,0.528206929
"(2011,2012]",794,0.559978446
"(2011,2012]",795,0.506202105
"(2011,2012]",796,0.546947856
"(2011,2012]",797,0.565172471
"(2011,2012]",798,0.543296084
"(2011,2012]",799,0.53243776
"(2011,2012]",800,0.569576245
"(2011,2012]",801,0.564137734
"(2011,2012]",802,0.598560377
"(2011,2012]",803,0.596446827
"(2011,2012]",804,0.612857934
"(2011,2012]",805,0.580310401
"(2011,2012]",806,0.540644698
"(2011,2012]",807,0.539291763
"(2011,2012]",808,0.528597524
"(2011,2012]",809,0.557487136
"(2011,2012]",810,0.562314821
"(2011,2012]",811,0.536987381
"(2011,2012]",812,0.541188738
"(2011,2012]",813,0.595662351
"(2011,2012]",814,0.531354732
"(2011,2012]",815,0.52889176
"(2011,2012]",816,0.61575485
"(2011,2012]",817,0.51279948
"(2011,2012]",818,0.574806263
"(2011,2012]",819,0.558547856
"(2011,2012]",820,0.506672966
"(2011,2012]",821,0.540839892
"(2011,2012]",822,0.60966072
"(2011,2012]",823,0.559364504
"(2011,2012]",824,0.54450881
"(2011,2012]",825,0.608713178
"(2011,2012]",826,0.494573859
"(2011,2012]",827,0.531401408
"(2011,2012]",828,0.568389989
"(2011,2012]",829,0.535445718
"(2011,2012]",830,0.602368167
"(2011,2012]",831,0.516692597
"(2011,2012]",832,0.50177537
"(2011,2012]",833,0.524616667
"(2011,2012]",834,0.583820183
"(2011,2012]",835,0.571521776
"(2011,2012]",836,0.446231243
"(2011,2012]",837,0.565401582
"(2011,2012]",838,0.571028636
"(2011,2012]",839,0.497743149
"(2011,2012]",840,0.600986398
"(2011,2012]",841,0.518694348
"(2011,2012]",842,0.584377354
"(2011,2012]",843,0.593320665
"(2011,2012]",844,0.526536853
"(2011,2012]",845,0.533823737
"(2011,2012]",846,0.619863605
"(2011,2012]",847,0.532217251
"(2011,2012]",848,0.568237451
"(2011,2012]",849,0.519736059
"(2011,2012]",850,0.51086291
"(2011,2012]",851,0.512524485
"(2011,2012]",852,0.576817497
"(2011,2012]",853,0.551949437
"(2011,2012]",854,0.541501959
"(2011,2012]",855,0.484362341
"(2011,2012]",856,0.626964698
"(2011,2012]",857,0.448750197
"(2011,2012]",858,0.598546629
"(2011,2012]",859,0.513245269
"(2011,2012]",860,0.546854517
"(2011,2012]",861,0.516684716
"(2011,2012]",862,0.552800848
"(2011,2012]",863,0.589427992
"(2011,2012]",864,0.530082899
"(2011,2012]",865,0.53579756
"(2011,2012]",866,0.530411551
"(2011,2012]",867,0.550407958
"(2011,2012]",868,0.603495634
"(2011,2012]",869,0.571982418
"(2011,2012]",870,0.613992053
"(2011,2012]",871,0.552263438
"(2011,2012]",872,0.550823044
"(2011,2012]",873,0.578451319
"(2011,2012]",874,0.560414997
"(2011,2012]",875,0.627145242
"(2011,2012]",876,0.57607607
"(2011,2012]",877,0.567436288
"(2011,2012]",878,0.580767495
"(2011,2012]",879,0.543095985
"(2011,2012]",880,0.559926328
"(2011,2012]",881,0.537125399
"(2011,2012]",882,0.519569562
"(2011,2012]",883,0.531620506
"(2011,2012]",884,0.495319514
"(2011,2012]",885,0.518759266
"(2011,2012]",886,0.672129945
"(2011,2012]",887,0.62996668
"(2011,2012]",888,0.552404401
"(2011,2012]",889,0.628917995
"(2011,2012]",890,0.607760393
"(2011,2012]",891,0.511572182
"(2011,2012]",892,0.594114242
"(2011,2012]",893,0.578853133
"(2011,2012]",894,0.483912003
"(2011,2012]",895,0.507300187
"(2011,2012]",896,0.575184946
"(2011,2012]",897,0.555456172
"(2011,2012]",898,0.455958294
"(2011,2012]",899,0.456489618
"(2011,2012]",900,0.531323517
"(2011,2012]",901,0.563020331
"(2011,2012]",902,0.549415556
"(2011,2012]",903,0.512224778
"(2011,2012]",904,0.476483572
"(2011,2012]",905,0.539245964
"(2011,2012]",906,0.540994387
"(2011,2012]",907,0.569214741
"(2011,2012]",908,0.51783665
"(2011,2012]",909,0.581049455
"(2011,2012]",910,0.508376289
"(2011,2012]",911,0.522356572
"(2011,2012]",912,0.524118436
"(2011,2012]",913,0.450593429
"(2011,2012]",914,0.536219051
"(2011,2012]",915,0.568350325
"(2011,2012]",916,0.542000084
"(2011,2012]",917,0.591955107
"(2011,2012]",918,0.5976299
"(2011,2012]",919,0.561401279
"(2011,2012]",920,0.478782853
"(2011,2012]",921,0.479623825
"(2011,2012]",922,0.564051693
"(2011,2012]",923,0.530308696
"(2011,2012]",924,0.584467291
"(2011,2012]",925,0.507783738
"(2011,2012]",926,0.49335722
"(2011,2012]",927,0.552487916
"(2011,2012]",928,0.546179257
"(2011,2012]",929,0.539105367
"(2011,2012]",930,0.47833904
"(2011,2012]",931,0.604572572
"(2011,2012]",932,0.574102172
"(2011,2012]",933,0.578399402
"(2011,2012]",934,0.529751451
"(2011,2012]",935,0.504167027
"(2011,2012]",936,0.523835042
"(2011,2012]",937,0.532901217
"(2011,2012]",938,0.565712935
"(2011,2012]",939,0.5735809
"(2011,2012]",940,0.527363701
"(2011,2012]",941,0.54279713
"(2011,2012]",942,0.583267395
"(2011,2012]",943,0.5890388
"(2011,2012]",944,0.481585946
"(2011,2012]",945,0.594431769
"(2011,2012]",946,0.537402835
"(2011,2012]",947,0.450590065
"(2011,2012]",948,0.583506863
"(2011,2012]",949,0.531992901
"(2011,2012]",950,0.554350785
"(2011,2012]",951,0.588944021
"(2011,2012]",952,0.565131813
"(2011,2012]",953,0.520335283
"(2011,2012]",954,0.540442361
"(2011,2012]",955,0.542417136
"(2011,2012]",956,0.490545213
"(2011,2012]",957,0.605788945
"(2011,2012]",958,0.519606831
"(2011,2012]",959,0.594013179
"(2011,2012]",960,0.620624237
"(2011,2012]",961,0.514865355
"(2011,2012]",962,0.58160759
"(2011,2012]",963,0.593803292
"(2011,2012]",964,0.589814447
"(2011,2012]",965,0.548226478
"(2011,2012]",966,0.525508508
"(2011,2012]",967,0.53538296
"(2011,2012]",968,0.542808722
"(2011,2012]",969,0.636540111
"(2011,2012]",970,0.551808075
"(2011,2012]",971,0.550512067
"(2011,2012]",972,0.596889492
"(2011,2012]",973,0.601675701
"(2011,2012]",974,0.482065557
"(2011,2012]",975,0.527041468
"(2011,2012]",976,0.556396881
"(2011,2012]",977,0.529138096
"(2011,2012]",978,0.531064178
"(2011,2012]",979,0.523141414
"(2011,2012]",980,0.544109216
"(2011,2012]",981,0.548505725
"(2011,2012]",982,0.551702965
"(2011,2012]",983,0.576329644
"(2011,2012]",984,0.507680211
"(2011,2012]",985,0.593441646
"(2011,2012]",986,0.54233343
"(2011,2012]",987,0.5531753
"(2011,2012]",988,0.484982127
"(2011,2012]",989,0.591468331
"(2011,2012]",990,0.481901123
"(2011,2012]",991,0.528751306
"(2011,2012]",992,0.543495418
"(2011,2012]",993,0.575571895
"(2011,2012]",994,0.543078838
"(2011,2012]",995,0.604879794
"(2011,2012]",996,0.530117069
"(2011,2012]",997,0.599008587
"(2011,2012]",998,0.505091301
"(2011,2012]",999,0.561273892
"(2011,2012]",1000,0.550816821
"(2011,2012]",1001,0.467843857
"(2011,2012]",1002,0.513031331
"(2011,2012]",1003,0.549693956
"(2011,2012]",1004,0.517509922
"(2011,2012]",1005,0.529014707
"(2011,2012]",1006,0.521456338
"(2011,2012]",1007,0.50842798
"(2011,2012]",1008,0.513736414
"(2011,2012]",1009,0.48149179
"(2011,2012]",1010,0.534995813
"(2011,2012]",1011,0.586632983
"(2011,2012]",1012,0.520156519
"(2011,2012]",1013,0.56216829
"(2011,2012]",1014,0.487615577
"(2011,2012]",1015,0.583074684
"(2011,2012]",1016,0.582200719
"(2011,2012]",1017,0.517296969
"(2011,2012]",1018,0.517965899
"(2011,2012]",1019,0.499849629
"(2011,2012]",1020,0.512815917
"(2011,2012]",1021,0.551574132
"(2011,2012]",1022,0.530024968
"(2011,2012]",1023,0.491482565
"(2011,2012]",1024,0.528220305
"(2011,2012]",1025,0.547551379
"(2011,2012]",1026,0.493678792
"(2011,2012]",1027,0.556673861
"(2011,2012]",1028,0.530164872
"(2011,2012]",1029,0.50505376
"(2011,2012]",1030,0.529493253
"(2011,2012]",1031,0.533024784
"(2011,2012]",1032,0.552960369
"(2011,2012]",1033,0.568886965
"(2011,2012]",1034,0.510447378
"(2011,2012]",1035,0.525127726
"(2011,2012]",1036,0.531722002
"(2011,2012]",1037,0.557627858
"(2011,2012]",1038,0.498248171
"(2011,2012]",1039,0.493822183
"(2011,2012]",1040,0.597481889
"(2011,2012]",1041,0.519253688
"(2011,2012]",1042,0.56173455
"(2011,2012]",1043,0.525528071
"(2011,2012]",1044,0.476277703
"(2011,2012]",1045,0.478055848
"(2011,2012]",1046,0.546067227
"(2011,2012]",1047,0.606737827
"(2011,2012]",1048,0.588872342
"(2011,2012]",1049,0.569088551
"(2011,2012]",1050,0.486508124
"(2011,2012]",1051,0.37887095
"(2011,2012]",1052,0.47607981
"(2011,2012]",1053,0.478883216
"(2011,2012]",1054,0.525217835
"(2011,2012]",1055,0.510885918
"(2011,2012]",1056,0.489221734
"(2011,2012]",1057,0.520945065
"(2011,2012]",1058,0.567640281
"(2011,2012]",1059,0.43755312
"(2011,2012]",1060,0.60495461
"(2011,2012]",1061,0.553540584
"(2011,2012]",1062,0.502446981
"(2011,2012]",1063,0.442776449
"(2011,2012]",1064,0.561854376
"(2011,2012]",1065,0.55287477
"(2011,2012]",1066,0.579672159
"(2011,2012]",1067,0.464503175
"(2011,2012]",1068,0.459815032
"(2011,2012]",1069,0.537259295
"(2011,2012]",1070,0.562897419
"(2011,2012]",1071,0.515718402
"(2011,2012]",1072,0.476002174
"(2011,2012]",1073,0.501497028
"(2011,2012]",1074,0.524039119
"(2011,2012]",1075,0.518698128
"(2011,2012]",1076,0.510136019
"(2011,2012]",1077,0.549892899
"(2011,2012]",1078,0.551798163
"(2011,2012]",1079,0.542927784
"(2011,2012]",1080,0.579872474
"(2011,2012]",1081,0.464274516
"(2011,2012]",1082,0.511390665
"(2011,2012]",1083,0.503057797
"(2011,2012]",1084,0.553513148
"(2011,2012]",1085,0.540978302
"(2011,2012]",1086,0.535233911
"(2011,2012]",1087,0.544141695
"(2011,2012]",1088,0.47400582
"(2011,2012]",1089,0.489927092
"(2011,2012]",1090,0.609397184
"(2011,2012]",1091,0.584268351
"(2011,2012]",1092,0.601428947
"(2011,2012]",1093,0.513151074
"(2011,2012]",1094,0.540292111
"(2012,2014]",0,0.953289067
"(2012,2014]",1,0.864102028
"(2012,2014]",2,0.826991922
"(2012,2014]",3,0.795768895
"(2012,2014]",4,0.775339885
"(2012,2014]",5,0.829369827
"(2012,2014]",6,0.833929351
"(2012,2014]",7,0.834357314
"(2012,2014]",8,0.787978301
"(2012,2014]",9,0.785612672
"(2012,2014]",10,0.767604687
"(2012,2014]",11,0.755322565
"(2012,2014]",12,0.756533118
"(2012,2014]",13,0.79713667
"(2012,2014]",14,0.787056471
"(2012,2014]",15,0.678200956
"(2012,2014]",16,0.761160511
"(2012,2014]",17,0.737821936
"(2012,2014]",18,0.790411817
"(2012,2014]",19,0.814394028
"(2012,2014]",20,0.725746777
"(2012,2014]",21,0.752817608
"(2012,2014]",22,0.731635761
"(2012,2014]",23,0.743516046
"(2012,2014]",24,0.770127152
"(2012,2014]",25,0.738145013
"(2012,2014]",26,0.737243009
"(2012,2014]",27,0.74133899
"(2012,2014]",28,0.742870553
"(2012,2014]",29,0.770851012
"(2012,2014]",30,0.724918763
"(2012,2014]",31,0.739002759
"(2012,2014]",32,0.730201174
"(2012,2014]",33,0.730755186
"(2012,2014]",34,0.734825886
"(2012,2014]",35,0.719054526
"(2012,2014]",36,0.722430704
"(2012,2014]",37,0.72238169
"(2012,2014]",38,0.719759681
"(2012,2014]",39,0.720642601
"(2012,2014]",40,0.709223502
"(2012,2014]",41,0.681438607
"(2012,2014]",42,0.731909541
"(2012,2014]",43,0.718991296
"(2012,2014]",44,0.741199448
"(2012,2014]",45,0.749396391
"(2012,2014]",46,0.751546622
"(2012,2014]",47,0.704041104
"(2012,2014]",48,0.73304875
"(2012,2014]",49,0.728281441
"(2012,2014]",50,0.717973321
"(2012,2014]",51,0.704954991
"(2012,2014]",52,0.705671812
"(2012,2014]",53,0.702317939
"(2012,2014]",54,0.739582355
"(2012,2014]",55,0.723764653
"(2012,2014]",56,0.697023873
"(2012,2014]",57,0.768196693
"(2012,2014]",58,0.735412853
"(2012,2014]",59,0.723524689
"(2012,2014]",60,0.767921256
"(2012,2014]",61,0.685337813
"(2012,2014]",62,0.691437248
"(2012,2014]",63,0.722307147
"(2012,2014]",64,0.718099837
"(2012,2014]",65,0.692675895
"(2012,2014]",66,0.706112263
"(2012,2014]",67,0.716517419
"(2012,2014]",68,0.714497658
"(2012,2014]",69,0.739152306
"(2012,2014]",70,0.735889511
"(2012,2014]",71,0.692977809
"(2012,2014]",72,0.701483743
"(2012,2014]",73,0.694889268
"(2012,2014]",74,0.694309887
"(2012,2014]",75,0.74431476
"(2012,2014]",76,0.721594551
"(2012,2014]",77,0.687677446
"(2012,2014]",78,0.724256669
"(2012,2014]",79,0.726674105
"(2012,2014]",80,0.726406139
"(2012,2014]",81,0.669604033
"(2012,2014]",82,0.720450248
"(2012,2014]",83,0.722704259
"(2012,2014]",84,0.691676581
"(2012,2014]",85,0.659138799
"(2012,2014]",86,0.715100187
"(2012,2014]",87,0.701520124
"(2012,2014]",88,0.712439599
"(2012,2014]",89,0.663120289
"(2012,2014]",90,0.666641087
"(2012,2014]",91,0.686582794
"(2012,2014]",92,0.675483785
"(2012,2014]",93,0.67374572
"(2012,2014]",94,0.705089503
"(2012,2014]",95,0.693344929
"(2012,2014]",96,0.67371414
"(2012,2014]",97,0.722895502
"(2012,2014]",98,0.757725344
"(2012,2014]",99,0.654517262
"(2012,2014]",100,0.727263182
"(2012,2014]",101,0.678040533
"(2012,2014]",102,0.689569779
"(2012,2014]",103,0.69159261
"(2012,2014]",104,0.679422932
"(2012,2014]",105,0.721792358
"(2012,2014]",106,0.709440407
"(2012,2014]",107,0.675268763
"(2012,2014]",108,0.673917844
"(2012,2014]",109,0.676132896
"(2012,2014]",110,0.695560583
"(2012,2014]",111,0.685909677
"(2012,2014]",112,0.711764072
"(2012,2014]",113,0.710697788
"(2012,2014]",114,0.68187271
"(2012,2014]",115,0.641599594
"(2012,2014]",116,0.648138537
"(2012,2014]",117,0.6913669
"(2012,2014]",118,0.668682238
"(2012,2014]",119,0.685579095
"(2012,2014]",120,0.683417924
"(2012,2014]",121,0.695984575
"(2012,2014]",122,0.68741302
"(2012,2014]",123,0.669243276
"(2012,2014]",124,0.703492499
"(2012,2014]",125,0.760283075
"(2012,2014]",126,0.685211503
"(2012,2014]",127,0.689233032
"(2012,2014]",128,0.690610017
"(2012,2014]",129,0.722865492
"(2012,2014]",130,0.64974165
"(2012,2014]",131,0.685047042
"(2012,2014]",132,0.688719222
"(2012,2014]",133,0.68991033
"(2012,2014]",134,0.679783646
"(2012,2014]",135,0.68883023
"(2012,2014]",136,0.689358425
"(2012,2014]",137,0.686577936
"(2012,2014]",138,0.669334674
"(2012,2014]",139,0.664526272
"(2012,2014]",140,0.675352344
"(2012,2014]",141,0.632929107
"(2012,2014]",142,0.69582655
"(2012,2014]",143,0.698224015
"(2012,2014]",144,0.70182227
"(2012,2014]",145,0.668144671
"(2012,2014]",146,0.682109923
"(2012,2014]",147,0.671249319
"(2012,2014]",148,0.732076293
"(2012,2014]",149,0.683848127
"(2012,2014]",150,0.701543573
"(2012,2014]",151,0.668650466
"(2012,2014]",152,0.685344271
"(2012,2014]",153,0.706315303
"(2012,2014]",154,0.694698455
"(2012,2014]",155,0.683212648
"(2012,2014]",156,0.68170109
"(2012,2014]",157,0.657375309
"(2012,2014]",158,0.699970069
"(2012,2014]",159,0.66853459
"(2012,2014]",160,0.6935784
"(2012,2014]",161,0.676452356
"(2012,2014]",162,0.681675133
"(2012,2014]",163,0.645757151
"(2012,2014]",164,0.684700536
"(2012,2014]",165,0.663038403
"(2012,2014]",166,0.643909607
"(2012,2014]",167,0.708059825
"(2012,2014]",168,0.697506757
"(2012,2014]",169,0.703054933
"(2012,2014]",170,0.675983741
"(2012,2014]",171,0.648630144
"(2012,2014]",172,0.625634821
"(2012,2014]",173,0.674556963
"(2012,2014]",174,0.670567406
"(2012,2014]",175,0.666527646
"(2012,2014]",176,0.67433105
"(2012,2014]",177,0.635132479
"(2012,2014]",178,0.694426242
"(2012,2014]",179,0.650529027
"(2012,2014]",180,0.725917062
"(2012,2014]",181,0.655004067
"(2012,2014]",182,0.682999943
"(2012,2014]",183,0.627228669
"(2012,2014]",184,0.65216699
"(2012,2014]",185,0.666324461
"(2012,2014]",186,0.627400903
"(2012,2014]",187,0.691419941
"(2012,2014]",188,0.632727157
"(2012,2014]",189,0.645951418
"(2012,2014]",190,0.672259401
"(2012,2014]",191,0.659565265
"(2012,2014]",192,0.654870094
"(2012,2014]",193,0.669804747
"(2012,2014]",194,0.656415709
"(2012,2014]",195,0.656477251
"(2012,2014]",196,0.632458274
"(2012,2014]",197,0.668519904
"(2012,2014]",198,0.63472155
"(2012,2014]",199,0.633090285
"(2012,2014]",200,0.674812959
"(2012,2014]",201,0.636556712
"(2012,2014]",202,0.657580635
"(2012,2014]",203,0.626387153
"(2012,2014]",204,0.63072885
"(2012,2014]",205,0.628884189
"(2012,2014]",206,0.629098858
"(2012,2014]",207,0.615827949
"(2012,2014]",208,0.622624711
"(2012,2014]",209,0.670719664
"(2012,2014]",210,0.688094531
"(2012,2014]",211,0.623657157
"(2012,2014]",212,0.635940096
"(2012,2014]",213,0.641538318
"(2012,2014]",214,0.650219782
"(2012,2014]",215,0.662139633
"(2012,2014]",216,0.648776947
"(2012,2014]",217,0.649452362
"(2012,2014]",218,0.640776834
"(2012,2014]",219,0.659872842
"(2012,2014]",220,0.647308498
"(2012,2014]",221,0.631100396
"(2012,2014]",222,0.610813007
"(2012,2014]",223,0.640118625
"(2012,2014]",224,0.663585276
"(2012,2014]",225,0.627453117
"(2012,2014]",226,0.650013911
"(2012,2014]",227,0.656829547
"(2012,2014]",228,0.647973787
"(2012,2014]",229,0.646140675
"(2012,2014]",230,0.645068416
"(2012,2014]",231,0.645876631
"(2012,2014]",232,0.635969184
"(2012,2014]",233,0.646333179
"(2012,2014]",234,0.621635339
"(2012,2014]",235,0.623477697
"(2012,2014]",236,0.609072902
"(2012,2014]",237,0.699842341
"(2012,2014]",238,0.636856461
"(2012,2014]",239,0.656970283
"(2012,2014]",240,0.638190713
"(2012,2014]",241,0.640906528
"(2012,2014]",242,0.639893573
"(2012,2014]",243,0.637943972
"(2012,2014]",244,0.58706904
"(2012,2014]",245,0.642135347
"(2012,2014]",246,0.629720972
"(2012,2014]",247,0.621311508
"(2012,2014]",248,0.636738102
"(2012,2014]",249,0.665755987
"(2012,2014]",250,0.638036785
"(2012,2014]",251,0.64016162
"(2012,2014]",252,0.648495589
"(2012,2014]",253,0.631063015
"(2012,2014]",254,0.638296297
"(2012,2014]",255,0.620072019
"(2012,2014]",256,0.671699244
"(2012,2014]",257,0.618955754
"(2012,2014]",258,0.628639595
"(2012,2014]",259,0.665594748
"(2012,2014]",260,0.644829127
"(2012,2014]",261,0.635669579
"(2012,2014]",262,0.633313739
"(2012,2014]",263,0.634359034
"(2012,2014]",264,0.61484526
"(2012,2014]",265,0.627581705
"(2012,2014]",266,0.596493918
"(2012,2014]",267,0.589229314
"(2012,2014]",268,0.614811297
"(2012,2014]",269,0.628059372
"(2012,2014]",270,0.599787069
"(2012,2014]",271,0.620470002
"(2012,2014]",272,0.602044177
"(2012,2014]",273,0.608752116
"(2012,2014]",274,0.630706247
"(2012,2014]",275,0.616936328
"(2012,2014]",276,0.609224859
"(2012,2014]",277,0.655430824
"(2012,2014]",278,0.651124285
"(2012,2014]",279,0.614704254
"(2012,2014]",280,0.604339005
"(2012,2014]",281,0.638694548
"(2012,2014]",282,0.601516525
"(2012,2014]",283,0.641117421
"(2012,2014]",284,0.650058193
"(2012,2014]",285,0.626051212
"(2012,2014]",286,0.591519925
"(2012,2014]",287,0.647804893
"(2012,2014]",288,0.677453156
"(2012,2014]",289,0.604255655
"(2012,2014]",290,0.610897753
"(2012,2014]",291,0.638550626
"(2012,2014]",292,0.640134913
"(2012,2014]",293,0.640392035
"(2012,2014]",294,0.62796992
"(2012,2014]",295,0.621299893
"(2012,2014]",296,0.631130851
"(2012,2014]",297,0.644549796
"(2012,2014]",298,0.607930745
"(2012,2014]",299,0.628276617
"(2012,2014]",300,0.634071299
"(2012,2014]",301,0.635339767
"(2012,2014]",302,0.634999562
"(2012,2014]",303,0.645052016
"(2012,2014]",304,0.641472884
"(2012,2014]",305,0.649774136
"(2012,2014]",306,0.639405974
"(2012,2014]",307,0.650342121
"(2012,2014]",308,0.656047668
"(2012,2014]",309,0.613799335
"(2012,2014]",310,0.633394494
"(2012,2014]",311,0.626086294
"(2012,2014]",312,0.61720015
"(2012,2014]",313,0.647462152
"(2012,2014]",314,0.62841716
"(2012,2014]",315,0.627687035
"(2012,2014]",316,0.586947719
"(2012,2014]",317,0.645095584
"(2012,2014]",318,0.647079596
"(2012,2014]",319,0.626623363
"(2012,2014]",320,0.637998468
"(2012,2014]",321,0.619697886
"(2012,2014]",322,0.657880232
"(2012,2014]",323,0.651709834
"(2012,2014]",324,0.643283633
"(2012,2014]",325,0.641374324
"(2012,2014]",326,0.639755855
"(2012,2014]",327,0.622091124
"(2012,2014]",328,0.65511855
"(2012,2014]",329,0.64768685
"(2012,2014]",330,0.601120349
"(2012,2014]",331,0.612537566
"(2012,2014]",332,0.610333648
"(2012,2014]",333,0.627334989
"(2012,2014]",334,0.567887424
"(2012,2014]",335,0.601637555
"(2012,2014]",336,0.630322879
"(2012,2014]",337,0.641238217
"(2012,2014]",338,0.616933098
"(2012,2014]",339,0.620213687
"(2012,2014]",340,0.619330053
"(2012,2014]",341,0.630492711
"(2012,2014]",342,0.612815787
"(2012,2014]",343,0.620623012
"(2012,2014]",344,0.631409395
"(2012,2014]",345,0.636586529
"(2012,2014]",346,0.644882698
"(2012,2014]",347,0.660496456
"(2012,2014]",348,0.617272003
"(2012,2014]",349,0.579887734
"(2012,2014]",350,0.619580031
"(2012,2014]",351,0.625635786
"(2012,2014]",352,0.619227389
"(2012,2014]",353,0.631518176
"(2012,2014]",354,0.621166084
"(2012,2014]",355,0.635231128
"(2012,2014]",356,0.642872321
"(2012,2014]",357,0.618032544
"(2012,2014]",358,0.630090537
"(2012,2014]",359,0.631615685
"(2012,2014]",360,0.645470835
"(2012,2014]",361,0.652063348
"(2012,2014]",362,0.629383017
"(2012,2014]",363,0.66991299
"(2012,2014]",364,0.644377696
"(2012,2014]",365,0.599251588
"(2012,2014]",366,0.62939274
"(2012,2014]",367,0.657531475
"(2012,2014]",368,0.632181046
"(2012,2014]",369,0.656018595
"(2012,2014]",370,0.634497466
"(2012,2014]",371,0.665718834
"(2012,2014]",372,0.600222742
"(2012,2014]",373,0.642955341
"(2012,2014]",374,0.636620477
"(2012,2014]",375,0.634318173
"(2012,2014]",376,0.628063752
"(2012,2014]",377,0.616827284
"(2012,2014]",378,0.634265631
"(2012,2014]",379,0.613257478
"(2012,2014]",380,0.590354084
"(2012,2014]",381,0.611335109
"(2012,2014]",382,0.627340487
"(2012,2014]",383,0.613887427
"(2012,2014]",384,0.592497008
"(2012,2014]",385,0.623188822
"(2012,2014]",386,0.627677859
"(2012,2014]",387,0.586287691
"(2012,2014]",388,0.638955044
"(2012,2014]",389,0.593670161
"(2012,2014]",390,0.597183401
"(2012,2014]",391,0.631504124
"(2012,2014]",392,0.608723398
"(2012,2014]",393,0.676310631
"(2012,2014]",394,0.636418906
"(2012,2014]",395,0.630078843
"(2012,2014]",396,0.626658521
"(2012,2014]",397,0.627226454
"(2012,2014]",398,0.638762496
"(2012,2014]",399,0.601847614
"(2012,2014]",400,0.624493781
"(2012,2014]",401,0.617144769
"(2012,2014]",402,0.61069739
"(2012,2014]",403,0.62525192
"(2012,2014]",404,0.615144027
"(2012,2014]",405,0.602076799
"(2012,2014]",406,0.61318281
"(2012,2014]",407,0.639035265
"(2012,2014]",408,0.61103336
"(2012,2014]",409,0.601416091
"(2012,2014]",410,0.630675315
"(2012,2014]",411,0.6312565
"(2012,2014]",412,0.626410194
"(2012,2014]",413,0.628842053
"(2012,2014]",414,0.610846379
"(2012,2014]",415,0.609583127
"(2012,2014]",416,0.605437021
"(2012,2014]",417,0.640999512
"(2012,2014]",418,0.614235179
"(2012,2014]",419,0.634004325
"(2012,2014]",420,0.633642625
"(2012,2014]",421,0.626088751
"(2012,2014]",422,0.622318321
"(2012,2014]",423,0.604446156
"(2012,2014]",424,0.62417795
"(2012,2014]",425,0.557743593
"(2012,2014]",426,0.617871084
"(2012,2014]",427,0.636860242
"(2012,2014]",428,0.61426707
"(2012,2014]",429,0.60170179
"(2012,2014]",430,0.649455386
"(2012,2014]",431,0.588534627
"(2012,2014]",432,0.605871958
"(2012,2014]",433,0.579396338
"(2012,2014]",434,0.626004702
"(2012,2014]",435,0.576627993
"(2012,2014]",436,0.626217898
"(2012,2014]",437,0.597651378
"(2012,2014]",438,0.619428285
"(2012,2014]",439,0.58725381
"(2012,2014]",440,0.598013716
"(2012,2014]",441,0.659716214
"(2012,2014]",442,0.604737247
"(2012,2014]",443,0.631758659
"(2012,2014]",444,0.618999614
"(2012,2014]",445,0.590618472
"(2012,2014]",446,0.58108599
"(2012,2014]",447,0.570637011
"(2012,2014]",448,0.607280949
"(2012,2014]",449,0.618104225
"(2012,2014]",450,0.595625322
"(2012,2014]",451,0.614817972
"(2012,2014]",452,0.608942494
"(2012,2014]",453,0.616168498
"(2012,2014]",454,0.59333352
"(2012,2014]",455,0.626895092
"(2012,2014]",456,0.602336747
"(2012,2014]",457,0.603105815
"(2012,2014]",458,0.576687877
"(2012,2014]",459,0.60865075
"(2012,2014]",460,0.581442504
"(2012,2014]",461,0.612860506
"(2012,2014]",462,0.581768719
"(2012,2014]",463,0.585013318
"(2012,2014]",464,0.607790275
"(2012,2014]",465,0.569264501
"(2012,2014]",466,0.616543492
"(2012,2014]",467,0.630519742
"(2012,2014]",468,0.617608317
"(2012,2014]",469,0.574050946
"(2012,2014]",470,0.58619085
"(2012,2014]",471,0.582595437
"(2012,2014]",472,0.602369187
"(2012,2014]",473,0.637461363
"(2012,2014]",474,0.619140572
"(2012,2014]",475,0.626753941
"(2012,2014]",476,0.629510732
"(2012,2014]",477,0.621329419
"(2012,2014]",478,0.575686317
"(2012,2014]",479,0.632595922
"(2012,2014]",480,0.624303332
"(2012,2014]",481,0.639780079
"(2012,2014]",482,0.582565474
"(2012,2014]",483,0.596190172
"(2012,2014]",484,0.567419152
"(2012,2014]",485,0.615729166
"(2012,2014]",486,0.586830932
"(2012,2014]",487,0.57011944
"(2012,2014]",488,0.614631508
"(2012,2014]",489,0.610929053
"(2012,2014]",490,0.631376912
"(2012,2014]",491,0.610616708
"(2012,2014]",492,0.620444524
"(2012,2014]",493,0.604919936
"(2012,2014]",494,0.566115578
"(2012,2014]",495,0.613830827
"(2012,2014]",496,0.580779524
"(2012,2014]",497,0.62564114
"(2012,2014]",498,0.594252681
"(2012,2014]",499,0.595428943
"(2012,2014]",500,0.598282917
"(2012,2014]",501,0.57424025
"(2012,2014]",502,0.625793154
"(2012,2014]",503,0.578886593
"(2012,2014]",504,0.558362011
"(2012,2014]",505,0.581993983
"(2012,2014]",506,0.584968088
"(2012,2014]",507,0.633685267
"(2012,2014]",508,0.569652162
"(2012,2014]",509,0.589886044
"(2012,2014]",510,0.551200838
"(2012,2014]",511,0.607954585
"(2012,2014]",512,0.635749734
"(2012,2014]",513,0.616702582
"(2012,2014]",514,0.607385121
"(2012,2014]",515,0.575445869
"(2012,2014]",516,0.583533854
"(2012,2014]",517,0.607698241
"(2012,2014]",518,0.592789401
"(2012,2014]",519,0.620756467
"(2012,2014]",520,0.600884464
"(2012,2014]",521,0.578007123
"(2012,2014]",522,0.579461199
"(2012,2014]",523,0.578766323
"(2012,2014]",524,0.562410374
"(2012,2014]",525,0.593001165
"(2012,2014]",526,0.566954824
"(2012,2014]",527,0.589702387
"(2012,2014]",528,0.588827038
"(2012,2014]",529,0.58705667
"(2012,2014]",530,0.601998167
"(2012,2014]",531,0.607201161
"(2012,2014]",532,0.562814707
"(2012,2014]",533,0.624800703
"(2012,2014]",534,0.5962771
"(2012,2014]",535,0.586261167
"(2012,2014]",536,0.587171154
"(2012,2014]",537,0.602310359
"(2012,2014]",538,0.611894724
"(2012,2014]",539,0.61552873
"(2012,2014]",540,0.585629854
"(2012,2014]",541,0.628085359
"(2012,2014]",542,0.604121462
"(2012,2014]",543,0.591792414
"(2012,2014]",544,0.605115608
"(2012,2014]",545,0.58285617
"(2012,2014]",546,0.606438228
"(2012,2014]",547,0.546112155
"(2012,2014]",548,0.620008916
"(2012,2014]",549,0.566388771
"(2012,2014]",550,0.58522509
"(2012,2014]",551,0.562124098
"(2012,2014]",552,0.597874794
"(2012,2014]",553,0.572865589
"(2012,2014]",554,0.617796983
"(2012,2014]",555,0.562115483
"(2012,2014]",556,0.544025001
"(2012,2014]",557,0.599530419
"(2012,2014]",558,0.556673294
"(2012,2014]",559,0.533779579
"(2012,2014]",560,0.593339529
"(2012,2014]",561,0.626357519
"(2012,2014]",562,0.57982426
"(2012,2014]",563,0.616417267
"(2012,2014]",564,0.622479278
"(2012,2014]",565,0.586748642
"(2012,2014]",566,0.567415268
"(2012,2014]",567,0.590642822
"(2012,2014]",568,0.562960826
"(2012,2014]",569,0.571156089
"(2012,2014]",570,0.568767796
"(2012,2014]",571,0.566240615
"(2012,2014]",572,0.597776449
"(2012,2014]",573,0.615432188
"(2012,2014]",574,0.589387285
"(2012,2014]",575,0.613690913
"(2012,2014]",576,0.63063692
"(2012,2014]",577,0.59584781
"(2012,2014]",578,0.554114094
"(2012,2014]",579,0.570136352
"(2012,2014]",580,0.574556512
"(2012,2014]",581,0.627085214
"(2012,2014]",582,0.586673526
"(2012,2014]",583,0.601776334
"(2012,2014]",584,0.585637531
"(2012,2014]",585,0.545354558
"(2012,2014]",586,0.610405873
"(2012,2014]",587,0.602722564
"(2012,2014]",588,0.597288814
"(2012,2014]",589,0.591296376
"(2012,2014]",590,0.574400687
"(2012,2014]",591,0.656918084
"(2012,2014]",592,0.553503114
"(2012,2014]",593,0.598203778
"(2012,2014]",594,0.606569059
"(2012,2014]",595,0.578424114
"(2012,2014]",596,0.555405544
"(2012,2014]",597,0.567336935
"(2012,2014]",598,0.589273429
"(2012,2014]",599,0.576057382
"(2012,2014]",600,0.585366759
"(2012,2014]",601,0.549655747
"(2012,2014]",602,0.62506416
"(2012,2014]",603,0.5316253
"(2012,2014]",604,0.591908038
"(2012,2014]",605,0.589671429
"(2012,2014]",606,0.610877506
"(2012,2014]",607,0.60117745
"(2012,2014]",608,0.561284145
"(2012,2014]",609,0.601295938
"(2012,2014]",610,0.544442495
"(2012,2014]",611,0.560712865
"(2012,2014]",612,0.571664493
"(2012,2014]",613,0.567548255
"(2012,2014]",614,0.562422539
"(2012,2014]",615,0.599471832
"(2012,2014]",616,0.591255357
"(2012,2014]",617,0.597895091
"(2012,2014]",618,0.554763214
"(2012,2014]",619,0.642325203
"(2012,2014]",620,0.599063152
"(2012,2014]",621,0.562483227
"(2012,2014]",622,0.611090532
"(2012,2014]",623,0.595901075
"(2012,2014]",624,0.558755044
"(2012,2014]",625,0.575807612
"(2012,2014]",626,0.591770525
"(2012,2014]",627,0.546613839
"(2012,2014]",628,0.553439838
"(2012,2014]",629,0.584614509
"(2012,2014]",630,0.605912678
"(2012,2014]",631,0.595485652
"(2012,2014]",632,0.562172994
"(2012,2014]",633,0.60831797
"(2012,2014]",634,0.599536403
"(2012,2014]",635,0.567933142
"(2012,2014]",636,0.58934949
"(2012,2014]",637,0.616819264
"(2012,2014]",638,0.575104894
"(2012,2014]",639,0.567859365
"(2012,2014]",640,0.566981036
"(2012,2014]",641,0.60110246
"(2012,2014]",642,0.564084195
"(2012,2014]",643,0.561941875
"(2012,2014]",644,0.564495755
"(2012,2014]",645,0.568582167
"(2012,2014]",646,0.608299395
"(2012,2014]",647,0.55357401
"(2012,2014]",648,0.642166287
"(2012,2014]",649,0.582390112
"(2012,2014]",650,0.517848875
"(2012,2014]",651,0.574406593
"(2012,2014]",652,0.576300938
"(2012,2014]",653,0.579331136
"(2012,2014]",654,0.559719978
"(2012,2014]",655,0.574435705
"(2012,2014]",656,0.572905203
"(2012,2014]",657,0.545053723
"(2012,2014]",658,0.538421056
"(2012,2014]",659,0.547148408
"(2012,2014]",660,0.600115492
"(2012,2014]",661,0.614377192
"(2012,2014]",662,0.55821107
"(2012,2014]",663,0.597612242
"(2012,2014]",664,0.630970954
"(2012,2014]",665,0.526716194
"(2012,2014]",666,0.531818706
"(2012,2014]",667,0.597075967
"(2012,2014]",668,0.571728631
"(2012,2014]",669,0.67537756
"(2012,2014]",670,0.604166031
"(2012,2014]",671,0.553739158
"(2012,2014]",672,0.590460436
"(2012,2014]",673,0.609944356
"(2012,2014]",674,0.578812519
"(2012,2014]",675,0.620281808
"(2012,2014]",676,0.557889454
"(2012,2014]",677,0.586895381
"(2012,2014]",678,0.586558601
"(2012,2014]",679,0.588538133
"(2012,2014]",680,0.605833438
"(2012,2014]",681,0.590831837
"(2012,2014]",682,0.549207788
"(2012,2014]",683,0.553804064
"(2012,2014]",684,0.571404749
"(2012,2014]",685,0.606404693
"(2012,2014]",686,0.560073032
"(2012,2014]",687,0.56403046
"(2012,2014]",688,0.599227539
"(2012,2014]",689,0.497647555
"(2012,2014]",690,0.585013457
"(2012,2014]",691,0.533019032
"(2012,2014]",692,0.534149128
"(2012,2014]",693,0.559235607
"(2012,2014]",694,0.60381485
"(2012,2014]",695,0.646150014
"(2012,2014]",696,0.613917807
"(2012,2014]",697,0.596411359
"(2012,2014]",698,0.562064289
"(2012,2014]",699,0.632024108
"(2012,2014]",700,0.564892924
"(2012,2014]",701,0.550467751
"(2012,2014]",702,0.542300032
"(2012,2014]",703,0.564105313
"(2012,2014]",704,0.573637897
"(2012,2014]",705,0.565691077
"(2012,2014]",706,0.582534265
"(2012,2014]",707,0.595712765
"(2012,2014]",708,0.528230278
"(2012,2014]",709,0.572301785
"(2012,2014]",710,0.588803282
"(2012,2014]",711,0.560690241
"(2012,2014]",712,0.53721726
"(2012,2014]",713,0.601717736
"(2012,2014]",714,0.592297623
"(2012,2014]",715,0.579774212
"(2012,2014]",716,0.467854158
"(2012,2014]",717,0.547379399
"(2012,2014]",718,0.598832748
"(2012,2014]",719,0.584626368
"(2012,2014]",720,0.537355798
"(2012,2014]",721,0.612388109
"(2012,2014]",722,0.58751076
"(2012,2014]",723,0.626824849
"(2012,2014]",724,0.547605324
"(2012,2014]",725,0.630215406
"(2012,2014]",726,0.567072337
"(2012,2014]",727,0.54680804
"(2012,2014]",728,0.614491813
"(2012,2014]",729,0.539942824
